Titre,Circonscription,Groupe parlementaire,Parti politique d'adhésion,Type de déclaration,Format de la déclaration,Date de déclaration,Date de publication,Différentiel en jours
Damien Abad,Ain (5),Les Républicains,Les Républicains,Initiale,Papier,20/01/14,23/07/14,184
Laurence Abeille,Val-de-Marne (06),Non-inscrit,Europe Écologie Les Verts,Initiale,Papier,20/01/14,22/07/14,183
Laurence Abeille,Val-de-Marne (06),Non-inscrit,Europe Écologie Les Verts,Modification,Numérique,10/02/17,20/02/17,10
Ibrahim Aboubacar,Mayotte (2),Socialiste Ecologiste et Républicain,Parti socialiste,Initiale,Papier,31/01/14,22/07/14,172
Elie Aboud,Hérault (6),Les Républicains,Les Républicains,Initiale,Papier,18/07/14,23/07/14,5
Bernard Accoyer,Haute-Savoie (1),Les Républicains,Les Républicains,Initiale,Papier,19/01/14,22/07/14,184
Patricia Adam,Finistère (2),Socialiste Ecologiste et Républicain,Parti socialiste,Initiale,Papier,14/01/14,22/07/14,189
Sylviane Alaux,Pyrénées-Atlantiques (6),Socialiste Ecologiste et Républicain,Parti socialiste,Initiale,Papier,31/01/14,22/07/14,172
Eric Alauzet,Doubs (2),Socialiste Ecologiste et Républicain,Europe Écologie Les Verts,Initiale,Papier,29/01/14,22/07/14,174
Yves Albarello,Seine-et-Marne (07),Les Républicains,Les Républicains,Initiale,Papier,24/01/14,22/07/14,179
Brigitte Allain,Dordogne (2),Non-inscrit,Europe Écologie Les Verts,Initiale,Papier,31/01/14,22/07/14,172
Jean-Pierre Allossery,Nord (15),Socialiste Ecologiste et Républicain,Parti socialiste,Initiale,Papier,24/01/14,22/07/14,179
Nicole Ameline,Calvados (4),Les Républicains,Les Républicains,Initiale,Papier,28/01/14,22/07/14,175
Pouria Amirshahi,Français établis hors de France (09),Non-inscrit,Sans étiquette,Initiale,Papier,20/01/14,22/07/14,183
Pouria Amirshahi,Français établis hors de France (09),Non-inscrit,Sans étiquette,Modification,Papier,18/04/16,26/01/17,283
François André,Ille-et-Vilaine (3),Socialiste Ecologiste et Républicain,Parti socialiste,Initiale,Papier,21/04/14,22/07/14,92
Benoist Apparu,Marne (4),Les Républicains,Les Républicains,Initiale,Papier,13/01/14,22/07/14,190
Benoist Apparu,Marne (4),Les Républicains,Les Républicains,Modification,Numérique,14/02/17,20/02/17,6
Nathalie Appéré,Ille-et-Vilaine (2),Socialiste Ecologiste et Républicain,Parti socialiste,Initiale,Papier,30/01/14,22/07/14,173
Nathalie Appéré,Ille-et-Vilaine (2),Socialiste Ecologiste et Républicain,Parti socialiste,Modification,Papier,09/10/15,23/12/15,75
Kader Arif,Haute-Garonne (10),Socialiste Ecologiste et Républicain,Parti socialiste,Initiale,Papier,22/12/14,30/01/15,39
Kader Arif,Haute-Garonne (10),Socialiste Ecologiste et Républicain,Parti socialiste,Modification,Numérique,07/02/17,07/02/17,0
Laurence Arribagé,Haute-Garonne (03),Les Républicains,Les Républicains,Initiale,Papier,16/06/14,23/07/14,37
François Asensi,Seine-Saint-Denis (11),Gauche Démocrate et Républicaine,Fédération pour une alternative sociale et écologique,Initiale,Papier,30/01/14,22/07/14,173
Christian Assaf,Hérault (8),Socialiste Ecologiste et Républicain,Parti socialiste,Initiale,Papier,23/01/14,22/07/14,180
Isabelle Attard,Calvados (5),Non-inscrit,Sans étiquette,Initiale,Papier,21/01/14,22/07/14,182
Isabelle Attard,Calvados (5),Non-inscrit,Sans étiquette,Modification,Papier,06/10/16,26/01/17,112
Julien Aubert,Vaucluse (5),Les Républicains,Les Républicains,Initiale,Papier,29/01/14,22/07/14,174
Julien Aubert,Vaucluse (5),Les Républicains,Les Républicains,Modification,Papier,15/03/15,23/05/15,69
Olivier Audibert Troin,Var (8),Les Républicains,Les Républicains,Initiale,Papier,01/02/14,22/07/14,171
Danielle Auroi,Puy-de-Dôme (3),Non-inscrit,Europe Écologie Les Verts,Initiale,Papier,18/01/14,22/07/14,185
Pierre Aylagas,Pyrénées-Orientales (4),Socialiste Ecologiste et Républicain,Parti socialiste,Initiale,Papier,25/04/14,22/07/14,88
Bruno Nestor Azérot,Martinique (2),Gauche Démocrate et Républicaine,Divers gauche,Initiale,Papier,24/01/14,22/07/14,179
Guillaume Bachelay,Seine-Maritime (04),Socialiste Ecologiste et Républicain,Parti socialiste,Initiale,Papier,30/01/14,22/07/14,173
Alexis Bachelay,Hauts-de-Seine (01),Socialiste Ecologiste et Républicain,Parti socialiste,Initiale,Papier,30/01/14,22/07/14,173
Jean-Paul Bacquet,Puy-de-Dôme (4),Socialiste Ecologiste et Républicain,Parti socialiste,Initiale,Papier,18/01/14,22/07/14,185
Dominique Baert,Nord (08),Socialiste Ecologiste et Républicain,Parti socialiste,Initiale,Papier,29/01/14,22/07/14,174
Guy Bailliart,Calvados (3),Socialiste Ecologiste et Républicain,Parti socialiste,Initiale,Papier,13/09/15,23/12/15,101
Patrick Balkany,Hauts-de-Seine (05),Les Républicains,Les Républicains,Initiale,Papier,23/01/14,22/07/14,180
Alain Ballay,Corrèze (1),Socialiste Ecologiste et Républicain,Parti socialiste,Initiale,Papier,27/03/16,08/06/16,73
Gérard Bapt,Haute-Garonne (02),Socialiste Ecologiste et Républicain,Parti socialiste,Initiale,Papier,10/01/14,23/07/14,194
Jean-Pierre Barbier,Isère (07),Les Républicains,Les Républicains,Initiale,Papier,30/01/14,22/07/14,173
Jean-Pierre Barbier,Isère (07),Les Républicains,Les Républicains,Modification,Papier,29/05/15,17/06/15,19
Frédéric Barbier,Doubs (4),Socialiste Ecologiste et Républicain,Parti socialiste,Initiale,Papier,07/03/15,05/05/15,59
Serge Bardy,Maine-et-Loire (6),Socialiste Ecologiste et Républicain,Parti socialiste,Initiale,Papier,26/01/14,22/07/14,177
Serge Bardy,Maine-et-Loire (6),Socialiste Ecologiste et Républicain,Parti socialiste,Modification,Papier,14/06/16,26/01/17,226
Claude Bartolone,Seine-Saint-Denis (09),Socialiste Ecologiste et Républicain,Parti socialiste,Initiale,Papier,31/01/14,22/07/14,172
Claude Bartolone,Seine-Saint-Denis (09),Socialiste Ecologiste et Républicain,Parti socialiste,Modification,Papier,01/07/14,22/07/14,21
Christian Bataille,Nord (12),Socialiste Ecologiste et Républicain,Parti socialiste,Initiale,Papier,28/01/14,22/07/14,175
Christian Bataille,Nord (12),Socialiste Ecologiste et Républicain,Parti socialiste,Modification,Papier,18/08/14,27/08/14,9
Delphine Batho,Deux-Sèvres (2),Socialiste Ecologiste et Républicain,Parti socialiste,Initiale,Papier,08/01/14,22/07/14,195
Marie-Noëlle Battistel,Isère (04),Socialiste Ecologiste et Républicain,Parti socialiste,Initiale,Papier,20/01/14,22/07/14,183
Laurent Baumel,Indre-et-Loire (4),Socialiste Ecologiste et Républicain,Parti socialiste,Initiale,Papier,31/01/14,22/07/14,172
Philippe Baumel,Saône-et-Loire (3),Socialiste Ecologiste et Républicain,Parti socialiste,Initiale,Papier,30/01/14,22/07/14,173
Philippe Baumel,Saône-et-Loire (3),Socialiste Ecologiste et Républicain,Parti socialiste,Modification,Papier,26/11/14,30/01/15,65
Denis Baupin,Paris (10),Non-inscrit,Sans étiquette,Initiale,Papier,29/01/14,22/07/14,174
Nicolas Bays,Pas-de-Calais (12),Socialiste Ecologiste et Républicain,Parti socialiste,Initiale,Papier,20/01/14,22/07/14,183
Nicolas Bays,Pas-de-Calais (12),Socialiste Ecologiste et Républicain,Parti socialiste,Modification,Papier,30/01/15,12/03/15,41
Nicolas Bays,Pas-de-Calais (12),Socialiste Ecologiste et Républicain,Parti socialiste,Modification,Numérique,09/02/17,10/02/17,1
Nicolas Bays,Pas-de-Calais (12),Socialiste Ecologiste et Républicain,Parti socialiste,Modification,Numérique,14/02/17,20/02/17,6
Catherine Beaubatie,Haute-Vienne (3),Socialiste Ecologiste et Républicain,Parti socialiste,Initiale,Papier,19/01/14,22/07/14,184
Marie-Françoise Bechtel,Aisne (4),Socialiste Ecologiste et Républicain,République Moderne,Initiale,Papier,25/01/14,22/07/14,178
Marie-Françoise Bechtel,Aisne (4),Socialiste Ecologiste et Républicain,République Moderne,Modification,Papier,26/06/15,13/07/15,17
Jean-Marie Beffara,Indre-et-Loire (3),Socialiste Ecologiste et Républicain,Parti socialiste,Initiale,Papier,30/01/14,22/07/14,173
Huguette Bello,Réunion (2),Gauche Démocrate et Républicaine,Pour La Réunion,Initiale,Papier,29/01/14,22/07/14,174
Luc Belot,Maine-et-Loire (1),Socialiste Ecologiste et Républicain,Parti socialiste,Initiale,Papier,31/01/14,22/07/14,172
Jacques Alain Bénisti,Val-de-Marne (04),Les Républicains,Les Républicains,Initiale,Papier,28/01/14,22/07/14,175
Thierry Benoit,Ille-et-Vilaine (6),Union des Démocrates Indépendants,Alliance Centriste/UDI,Initiale,Papier,30/01/14,22/07/14,173
Karine Berger,Hautes-Alpes (1),Socialiste Ecologiste et Républicain,Parti socialiste,Initiale,Papier,29/01/14,22/07/14,174
Sylvain Berrios,Val-de-Marne (01),Les Républicains,Les Républicains,Initiale,Papier,28/01/14,22/07/14,175
Sylvain Berrios,Val-de-Marne (01),Les Républicains,Les Républicains,Modification,Papier,31/03/16,08/06/16,69
Sylvain Berrios,Val-de-Marne (01),Les Républicains,Les Républicains,Modification,Numérique,22/02/17,06/03/17,12
Chantal Berthelot,Guyane (2),Socialiste Ecologiste et Républicain,A Gauche en Guyane,Initiale,Papier,31/01/14,22/07/14,172
Véronique Besse,Vendée (4),Non-inscrit,Mouvement Pour la France,Initiale,Papier,27/01/14,22/07/14,176
Gisèle Biémouret,Gers (2),Socialiste Ecologiste et Républicain,Parti socialiste,Initiale,Papier,23/01/14,22/07/14,180
Philippe Bies,Bas-Rhin (2),Socialiste Ecologiste et Républicain,Parti socialiste,Initiale,Papier,31/01/14,22/07/14,172
Erwann Binet,Isère (08),Socialiste Ecologiste et Républicain,Parti socialiste,Initiale,Papier,28/01/14,22/07/14,175
Jean-Pierre Blazy,Val-d'Oise (09),Socialiste Ecologiste et Républicain,Parti socialiste,Initiale,Papier,25/01/14,22/07/14,178
Yves Blein,Rhône (14),Socialiste Ecologiste et Républicain,Parti socialiste,Initiale,Papier,28/01/14,31/07/14,184
Yves Blein,Rhône (14),Socialiste Ecologiste et Républicain,Parti socialiste,Modification,Papier,24/07/14,31/07/14,7
Jean-Luc Bleunven,Finistère (3),Socialiste Ecologiste et Républicain,Divers gauche,Initiale,Papier,03/02/14,22/07/14,169
Jean-Luc Bleunven,Finistère (3),Socialiste Ecologiste et Républicain,Divers gauche,Modification,Numérique,26/11/16,26/01/17,61
Patrick Bloche,Paris (07),Socialiste Ecologiste et Républicain,Parti socialiste,Initiale,Papier,26/01/14,22/07/14,177
Patrick Bloche,Paris (07),Socialiste Ecologiste et Républicain,Parti socialiste,Modification,Papier,13/07/15,02/09/15,51
Alain Bocquet,Nord (20),Gauche Démocrate et Républicaine,Parti Communiste Français,Initiale,Papier,26/01/14,22/07/14,177
Alain Bocquet,Nord (20),Gauche Démocrate et Républicaine,Parti Communiste Français,Modification,Papier,02/03/15,12/03/15,10
Daniel Boisserie,Haute-Vienne (2),Socialiste Ecologiste et Républicain,Parti socialiste,Initiale,Papier,21/02/14,22/07/14,151
Jacques Bompard,Vaucluse (4),Non-inscrit,Ligue Du Sud,Initiale,Papier,31/01/14,22/07/14,172
Michèle Bonneton,Isère (09),Non-inscrit,Europe Écologie Les Verts,Initiale,Papier,08/04/14,07/08/14,121
Marcel Bonnot,Doubs (3),Les Républicains,Les Républicains,Initiale,Papier,10/01/14,23/07/14,194
Marcel Bonnot,Doubs (3),Les Républicains,Les Républicains,Modification,Papier,22/12/14,30/01/15,39
Christophe Borgel,Haute-Garonne (09),Socialiste Ecologiste et Républicain,Parti socialiste,Initiale,Papier,25/01/14,22/07/14,178
Eric Bothorel,Côtes-d'Armor (5),Non-inscrit,La République En Marche,Néant,0,Non-pertinent,Non-pertinent, 
Jean-Claude Bouchet,Vaucluse (2),Les Républicains,Les Républicains,Initiale,Papier,29/01/14,22/07/14,174
Florent Boudié,Gironde (10),Socialiste Ecologiste et Républicain,Parti socialiste,Initiale,Papier,29/01/14,22/07/14,174
Marie-Odile Bouillé,Loire-Atlantique (08),Socialiste Ecologiste et Républicain,Parti socialiste,Initiale,Papier,25/01/14,22/07/14,178
Christophe Bouillon,Seine-Maritime (05),Socialiste Ecologiste et Républicain,Parti socialiste,Initiale,Papier,30/01/14,22/07/14,173
Christophe Bouillon,Seine-Maritime (05),Socialiste Ecologiste et Républicain,Parti socialiste,Modification,Papier,25/08/16,26/01/17,154
Gilles Bourdouleix,Maine-et-Loire (5),Non-inscrit,Centre national des indépendants et paysans,Initiale,Papier,24/01/14,22/07/14,179
Brigitte Bourguignon,Pas-de-Calais (06),Socialiste Ecologiste et Républicain,Parti socialiste,Initiale,Papier,18/01/14,22/07/14,185
Malek Boutih,Essonne (10),Socialiste Ecologiste et Républicain,Parti socialiste,Initiale,Papier,23/01/14,22/07/14,180
Kheira Bouziane-Laroussi,Côte-d'Or (3),Socialiste Ecologiste et Républicain,Parti socialiste,Initiale,Papier,31/01/14,12/03/15,405
Valérie Boyer,Bouches-du-Rhône (01),Les Républicains,Les Républicains,Initiale,Papier,01/02/14,22/07/14,171
Emeric Brehier,Seine-et-Marne (10),Socialiste Ecologiste et Républicain,Parti socialiste,Initiale,Papier,28/01/14,22/07/14,175
Marine Brenier,Alpes-Maritimes (5),Les Républicains,Les Républicains,Initiale,Papier,22/07/16,26/01/17,188
Xavier Breton,Ain (1),Les Républicains,Les Républicains,Initiale,Papier,30/01/14,22/07/14,173
Philippe Briand,Indre-et-Loire (5),Les Républicains,Les Républicains,Initiale,Papier,30/01/14,23/07/14,174
Jean-Louis Bricout,Aisne (3),Socialiste Ecologiste et Républicain,Parti socialiste,Initiale,Papier,20/01/14,22/07/14,183
Jean-Jacques Bridey,Val-de-Marne (07),Socialiste Ecologiste et Républicain,Parti socialiste,Initiale,Papier,30/01/14,22/07/14,173
Bernard Brochand,Alpes-Maritimes (8),Les Républicains,Les Républicains,Initiale,Papier,31/01/14,22/07/14,172
Isabelle Bruneau,Indre (2),Socialiste Ecologiste et Républicain,Parti socialiste,Initiale,Papier,26/01/14,22/07/14,177
Marie-George Buffet,Seine-Saint-Denis (04),Gauche Démocrate et Républicaine,Parti Communiste Français,Initiale,Papier,20/01/14,22/07/14,183
Sabine Buis,Ardèche (3),Socialiste Ecologiste et Républicain,Parti socialiste,Initiale,Papier,30/01/14,22/07/14,173
Jean-Claude Buisine,Somme (3),Socialiste Ecologiste et Républicain,Parti socialiste,Initiale,Papier,31/01/14,22/07/14,172
Sylviane Bulteau,Vendée (2),Socialiste Ecologiste et Républicain,Parti socialiste,Initiale,Papier,30/01/14,22/07/14,173
Vincent Burroni,Bouches-du-Rhône (12),Socialiste Ecologiste et Républicain,Parti socialiste,Initiale,Papier,30/01/14,22/07/14,173
Dominique Bussereau,Charente-Maritime (4),Les Républicains,Les Républicains,Initiale,Papier,27/01/14,22/07/14,176
Dominique Bussereau,Charente-Maritime (4),Les Républicains,Les Républicains,Modification,Papier,22/05/15,26/01/17,615
Alain Calmette,Cantal (1),Socialiste Ecologiste et Républicain,Parti socialiste,Initiale,Papier,27/01/14,22/07/14,176
Jean-Christophe Cambadélis,Paris (16),Socialiste Ecologiste et Républicain,Parti socialiste,Initiale,Papier,07/01/14,22/07/14,196
Jean-Jacques Candelier,Nord (16),Gauche Démocrate et Républicaine,Parti Communiste Français,Initiale,Papier,28/01/14,22/07/14,175
Jean-Jacques Candelier,Nord (16),Gauche Démocrate et Républicaine,Parti Communiste Français,Modification,Papier,21/07/14,23/07/14,2
Jean-Jacques Candelier,Nord (16),Gauche Démocrate et Républicaine,Parti Communiste Français,Modification,Papier,18/08/14,27/08/14,9
Jean-Jacques Candelier,Nord (16),Gauche Démocrate et Républicaine,Parti Communiste Français,Modification,Papier,07/01/16,08/06/16,153
Jean-Jacques Candelier,Nord (16),Gauche Démocrate et Républicaine,Parti Communiste Français,Modification,Numérique,02/01/17,06/02/17,35
Colette Capdevielle,Pyrénées-Atlantiques (5),Socialiste Ecologiste et Républicain,Parti socialiste,Initiale,Papier,26/01/14,22/07/14,177
Yann Capet,Pas-de-Calais (07),Socialiste Ecologiste et Républicain,Parti socialiste,Initiale,Papier,28/01/14,22/07/14,175
Christophe Caresche,Paris (18),Socialiste Ecologiste et Républicain,Parti socialiste,Initiale,Papier,20/01/14,22/07/14,183
Marie-Arlette Carlotti,Bouches-du-Rhône (05),Socialiste Ecologiste et Républicain,Parti socialiste,Initiale,Papier,15/05/14,22/07/14,68
Jean-Noël Carpentier,Val-d'Oise (03),"Radical, Républicain, Démocrate et Progressiste",Mouvement Des Progressistes,Initiale,Papier,22/01/14,22/07/14,181
Olivier Carré,Loiret (1),Les Républicains,Les Républicains,Initiale,Papier,13/01/14,22/07/14,190
Gilles Carrez,Val-de-Marne (05),Les Républicains,Les Républicains,Initiale,Papier,22/01/14,22/07/14,181
Martine Carrillon-Couvreur,Nièvre (1),Socialiste Ecologiste et Républicain,Parti socialiste,Initiale,Papier,25/01/14,22/07/14,178
Patrice Carvalho,Oise (6),Gauche Démocrate et Républicaine,Parti Communiste Français,Initiale,Papier,19/01/14,22/07/14,184
Christophe Castaner,Alpes-de-Haute-Provence (2),Socialiste Ecologiste et Républicain,Parti socialiste,Initiale,Papier,03/02/14,22/07/14,169
Laurent Cathala,Val-de-Marne (02),Socialiste Ecologiste et Républicain,Parti socialiste,Initiale,Papier,24/01/14,22/07/14,179
Jean-Yves Caullet,Yonne (2),Socialiste Ecologiste et Républicain,Parti socialiste,Initiale,Papier,19/01/14,23/07/14,185
Christophe Cavard,Gard (6),Socialiste Ecologiste et Républicain,Union des Démocrates et des Ecologistes,Initiale,Papier,28/01/14,22/07/14,175
Christophe Cavard,Gard (6),Socialiste Ecologiste et Républicain,Union des Démocrates et des Ecologistes,Modification,Numérique,02/11/16,26/01/17,85
Yves Censi,Aveyron (1),Les Républicains,Les Républicains,Initiale,Papier,30/01/14,22/07/14,173
Nathalie Chabanne,Pyrénées-Atlantiques (2),Socialiste Ecologiste et Républicain,Parti socialiste,Initiale,Papier,28/01/14,22/07/14,175
Ary Chalus,Guadeloupe (3),"Radical, Républicain, Démocrate et Progressiste","Guadeloupe unie, socialisme et réalités",Initiale,Papier,16/01/14,22/07/14,187
Guy Chambefort,Allier (1),Socialiste Ecologiste et Républicain,Parti socialiste,Initiale,Papier,31/01/14,22/07/14,172
Jean-Paul Chanteguet,Indre (1),Socialiste Ecologiste et Républicain,Parti socialiste,Initiale,Papier,27/01/14,22/07/14,176
Marie-Anne Chapdelaine,Ille-et-Vilaine (1),Socialiste Ecologiste et Républicain,Parti socialiste,Initiale,Papier,19/01/14,22/07/14,184
Gérard Charasse,Allier (3),"Radical, Républicain, Démocrate et Progressiste",Parti Radical de Gauche,Initiale,Papier,27/01/14,22/07/14,176
Gaby Charroux,Bouches-du-Rhône (13),Gauche Démocrate et Républicaine,Parti Communiste Français,Initiale,Papier,27/01/14,22/07/14,176
Gaby Charroux,Bouches-du-Rhône (13),Gauche Démocrate et Républicaine,Parti Communiste Français,Modification,Papier,01/10/14,05/11/14,35
Gaby Charroux,Bouches-du-Rhône (13),Gauche Démocrate et Républicaine,Parti Communiste Français,Modification,Papier,23/06/16,26/01/17,217
Jérôme Chartier,Val-d'Oise (07),Les Républicains,Les Républicains,Initiale,Papier,28/01/14,22/07/14,175
André Chassaigne,Puy-de-Dôme (5),Gauche Démocrate et Républicaine,Parti Communiste Français,Initiale,Papier,29/01/14,22/07/14,174
Luc Chatel,Haute-Marne (1),Les Républicains,Les Républicains,Initiale,Papier,31/01/14,22/07/14,172
Guy-Michel Chauveau,Sarthe (3),Socialiste Ecologiste et Républicain,Divers gauche,Initiale,Papier,25/01/14,22/07/14,178
Dominique Chauvel,Seine-Maritime (10),Non-inscrit,Parti socialiste,Initiale,Papier,25/01/14,23/07/14,179
Pascal Cherki,Paris (11),Socialiste Ecologiste et Républicain,Parti socialiste,Initiale,Papier,22/01/14,22/07/14,181
Gérard Cherpion,Vosges (2),Les Républicains,Les Républicains,Initiale,Papier,20/01/14,22/07/14,183
Guillaume Chevrollier,Mayenne (2),Les Républicains,Les Républicains,Initiale,Papier,28/01/14,22/07/14,175
Alain Chrétien,Haute-Saône (1),Les Républicains,Les Républicains,Initiale,Papier,14/01/14,22/07/14,189
Jean-Louis Christ,Haut-Rhin (2),Les Républicains,Les Républicains,Initiale,Papier,28/01/14,22/07/14,175
Dino Cinieri,Loire (4),Les Républicains,Les Républicains,Initiale,Papier,31/01/14,22/07/14,172
Jean-David Ciot,Bouches-du-Rhône (14),Socialiste Ecologiste et Républicain,Parti socialiste,Initiale,Papier,29/01/14,22/07/14,174
Éric Ciotti,Alpes-Maritimes (1),Les Républicains,Les Républicains,Initiale,Papier,29/01/14,22/07/14,174
Alain Claeys,Vienne (1),Socialiste Ecologiste et Républicain,Parti socialiste,Initiale,Papier,30/01/14,22/07/14,173
Stéphane Claireaux,Saint-Pierre-et-Miquelon (1),"Radical, Républicain, Démocrate et Progressiste",Parti Radical de Gauche,Initiale,Papier,29/09/14,05/11/14,37
Jean-Michel Clément,Vienne (3),Socialiste Ecologiste et Républicain,Parti socialiste,Initiale,Papier,28/01/14,22/07/14,175
Marie-Françoise Clergeau,Loire-Atlantique (02),Socialiste Ecologiste et Républicain,Parti socialiste,Initiale,Papier,25/01/14,22/07/14,178
Philippe Cochet,Rhône (05),Les Républicains,Les Républicains,Initiale,Papier,25/01/14,22/07/14,178
Romain Colas,Essonne (09),Socialiste Ecologiste et Républicain,Parti socialiste,Initiale,Papier,03/09/14,15/09/14,12
Gilbert Collard,Gard (2),Non-inscrit,Front National,Initiale,Papier,29/01/14,22/07/14,174
David Comet,Charente (1),Socialiste Ecologiste et Républicain,Parti socialiste,Initiale,Papier,18/07/15,02/09/15,46
Jean-François Copé,Seine-et-Marne (06),Les Républicains,Les Républicains,Initiale,Papier,29/01/14,22/07/14,174
Jean-François Copé,Seine-et-Marne (06),Les Républicains,Les Républicains,Initiale,Papier,23/06/14,05/11/14,135
Philip Cordery,Français établis hors de France (04),Socialiste Ecologiste et Républicain,Parti socialiste,Initiale,Papier,30/01/14,22/07/14,173
François Cornut-Gentille,Haute-Marne (2),Les Républicains,Les Républicains,Initiale,Papier,29/01/14,22/07/14,174
Sergio Coronado,Français établis hors de France (02),Non-inscrit,Europe Écologie Les Verts,Initiale,Papier,20/11/13,22/07/14,244
Valérie Corre,Loiret (6),Socialiste Ecologiste et Républicain,Parti socialiste,Initiale,Papier,30/01/14,22/07/14,173
Valérie Corre,Loiret (6),Socialiste Ecologiste et Républicain,Parti socialiste,Modification,Numérique,20/02/17,06/03/17,14
Jean-Louis Costes,Lot-et-Garonne (3),Les Républicains,Les Républicains,Initiale,Papier,26/01/14,22/07/14,177
Jean-Jacques Cottel,Pas-de-Calais (01),Socialiste Ecologiste et Républicain,Parti socialiste,Initiale,Papier,26/01/14,22/07/14,177
Édouard Courtial,Oise (7),Les Républicains,Les Républicains,Initiale,Papier,29/01/14,22/07/14,174
Édouard Courtial,Oise (7),Les Républicains,Les Républicains,Modification,Papier,25/05/16,26/01/17,246
Catherine Coutelle,Vienne (2),Socialiste Ecologiste et Républicain,Parti socialiste,Initiale,Papier,26/01/14,22/07/14,177
Jean-Michel Couve,Var (4),Les Républicains,Les Républicains,Initiale,Papier,30/01/14,22/07/14,173
Jacques Cresta,Pyrénées-Orientales (1),Socialiste Ecologiste et Républicain,Parti socialiste,Initiale,Papier,28/01/14,22/07/14,175
Pascale Crozon,Rhône (06),Socialiste Ecologiste et Républicain,Parti socialiste,Initiale,Papier,27/01/14,22/07/14,176
Frédéric Cuvillier,Pas-de-Calais (05),Socialiste Ecologiste et Républicain,Parti socialiste,Initiale,Papier,17/10/14,05/11/14,19
Frédéric Cuvillier,Pas-de-Calais (05),Socialiste Ecologiste et Républicain,Parti socialiste,Modification,Papier,06/04/16,26/01/17,295
Seybah Dagoma,Paris (05),Socialiste Ecologiste et Républicain,Parti socialiste,Initiale,Papier,27/01/14,22/07/14,176
Marie-Christine Dalloz,Jura (2),Les Républicains,Les Républicains,Initiale,Papier,26/01/14,22/07/14,177
Karine Daniel,Loire-Atlantique (3),Socialiste Ecologiste et Républicain,Parti socialiste,Initiale,Papier,24/06/16,26/01/17,216
Yves Daniel,Loire-Atlantique (06),Socialiste Ecologiste et Républicain,Parti socialiste,Initiale,Papier,27/01/14,22/07/14,176
Olivier Dassault,Oise (1),Les Républicains,Les Républicains,Initiale,Papier,29/01/14,22/07/14,174
Marc-Philippe Daubresse,Nord (04),Les Républicains,Les Républicains,Initiale,Papier,21/01/14,22/07/14,182
Charles de Courson,Marne (5),Union des Démocrates Indépendants,Nouveau Centre/UDI,Initiale,Papier,28/01/14,22/07/14,175
Claude de Ganay,Loiret (3),Les Républicains,Les Républicains,Initiale,Papier,25/01/14,22/07/14,178
Laure de La Raudière,Eure-et-Loir (3),Les Républicains,Les Républicains,Initiale,Papier,31/01/14,23/07/14,173
Laure de La Raudière,Eure-et-Loir (3),Les Républicains,Les Républicains,Modification,Papier,19/07/14,23/07/14,4
Laure de La Raudière,Eure-et-Loir (3),Les Républicains,Les Républicains,Modification,Papier,22/04/15,18/06/15,57
Charles de La Verpillière,Ain (2),Les Républicains,Les Républicains,Initiale,Papier,26/01/14,22/07/14,177
François de Mazieres,Yvelines (01),Les Républicains,Les Républicains,Initiale,Papier,28/01/14,22/07/14,175
Camille de Rocca Serra,Corse-du-Sud (2),Les Républicains,Les Républicains,Initiale,Papier,30/01/14,23/07/14,174
François De Rugy,Loire-Atlantique (01),Socialiste Ecologiste et Républicain,Union des démocrates et écologistes,Initiale,Papier,31/01/14,22/07/14,172
Bernard Debré,Paris (04),Les Républicains,Les Républicains,Initiale,Papier,19/01/14,22/07/14,184
Bernard Debré,Paris (04),Les Républicains,Les Républicains,Modification,Papier,25/06/15,13/07/15,18
Bernard Debré,Paris (04),Les Républicains,Les Républicains,Modification,Papier,06/10/16,26/01/17,112
Bernard Debré,Paris (04),Les Républicains,Les Républicains,Modification,Numérique,14/02/17,20/02/17,6
Jean-Pierre Decool,Nord (14),Les Républicains,Droite Populaire,Initiale,Papier,30/01/14,22/07/14,173
Bernard Deflesselles,Bouches-du-Rhône (09),Les Républicains,Les Républicains,Initiale,Papier,25/01/14,22/07/14,178
Laurent Degallaix,Nord (21),Union des Démocrates Indépendants,Parti Radical/UDI,Initiale,Papier,20/07/14,23/07/14,3
Lucien Degauchy,Oise (5),Les Républicains,Les Républicains,Initiale,Papier,12/02/14,22/07/14,160
Pascal Deguilhem,Dordogne (1),Socialiste Ecologiste et Républicain,Parti socialiste,Initiale,Papier,30/06/14,22/07/14,22
Rémi Delatte,Côte-d'Or (2),Les Républicains,Les Républicains,Initiale,Papier,25/01/14,23/07/14,179
Rémi Delatte,Côte-d'Or (2),Les Républicains,Les Républicains,Modification,Numérique,25/02/17,06/03/17,9
Florence Delaunay,Landes (1),Socialiste Ecologiste et Républicain,Parti socialiste,Initiale,Papier,03/10/14,18/11/14,46
Florence Delaunay,Landes (1),Socialiste Ecologiste et Républicain,Parti socialiste,Modification,Papier,25/09/15,23/12/15,89
Michèle Delaunay,Gironde (02),Socialiste Ecologiste et Républicain,Parti socialiste,Initiale,Papier,23/07/14,31/07/14,8
Michèle Delaunay,Gironde (02),Socialiste Ecologiste et Républicain,Parti socialiste,Modification,Papier,11/12/15,23/12/15,12
Guy Delcourt,Pas-de-Calais (03),Socialiste Ecologiste et Républicain,Parti socialiste,Initiale,Papier,25/01/14,22/07/14,178
Carole Delga,Haute-Garonne (08),Socialiste Ecologiste et Républicain,Parti socialiste,Initiale,Papier,04/03/16,08/06/16,96
Jacques Dellerie,Seine-Maritime (9),Socialiste Ecologiste et Républicain,Parti socialiste,Initiale,Numérique,13/01/17,26/01/17,13
Pascal Demarthe,Somme (1),Socialiste Ecologiste et Républicain,Parti socialiste,Initiale,Papier,29/09/14,18/11/14,50
Stéphane Demilly,Somme (5),Union des Démocrates Indépendants,Nouveau Centre/UDI ,Initiale,Papier,20/01/14,22/07/14,183
Sébastien Denaja,Hérault (7),Socialiste Ecologiste et Républicain,Parti socialiste,Initiale,Papier,30/01/14,22/07/14,173
Françoise Descamps-Crosnier,Yvelines (08),Socialiste Ecologiste et Républicain,Parti socialiste,Initiale,Papier,24/01/14,22/07/14,179
Jean-Louis Destans,Eure (2),Socialiste Ecologiste et Républicain,Parti socialiste,Initiale,Papier,27/01/14,23/07/14,177
Michel Destot,Isère (03),Socialiste Ecologiste et Républicain,Parti socialiste,Initiale,Papier,27/01/14,23/07/14,177
Michel Destot,Isère (03),Socialiste Ecologiste et Républicain,Parti socialiste,Modification,Papier,27/06/16,26/01/17,213
Patrick Devedjian,Hauts-de-Seine (13),Les Républicains,Les Républicains,Initiale,Papier,14/01/14,22/07/14,189
Nicolas Dhuicq,Aube (1),Les Républicains,Les Républicains,Initiale,Papier,14/01/14,23/07/14,190
Sophie Dion,Haute-Savoie (6),Les Républicains,Les Républicains,Initiale,Papier,30/01/14,22/07/14,173
Sophie Dion,Haute-Savoie (6),Les Républicains,Les Républicains,Modification,Papier,20/05/16,26/01/17,251
Sophie Dion,Haute-Savoie (6),Les Républicains,Les Républicains,Modification,Numérique,08/02/17,10/02/17,2
Julien Dive,Aisne (2),Les Républicains,Les Républicains,Initiale,Papier,20/05/16,26/01/17,251
Marc Dolez,Nord (17),Gauche Démocrate et Républicaine,Divers gauche,Initiale,Papier,19/01/14,23/07/14,185
Fanny Dombre Coste,Hérault (3),Socialiste Ecologiste et Républicain,Parti socialiste,Initiale,Papier,27/01/14,22/07/14,176
Jean-Pierre Door,Loiret (4),Les Républicains,Les Républicains,Initiale,Papier,13/01/14,22/07/14,190
Dominique Dord,Savoie (1),Les Républicains,Les Républicains,Initiale,Papier,09/01/14,22/07/14,194
René Dosière,Aisne (1),Socialiste Ecologiste et Républicain,Sans étiquette,Initiale,Papier,28/01/14,22/07/14,175
Philippe Doucet,Val-d'Oise (05),Socialiste Ecologiste et Républicain,Parti socialiste,Initiale,Papier,30/01/14,22/07/14,173
Sandrine Doucet,Gironde (01),Socialiste Ecologiste et Républicain,Parti socialiste,Initiale,Papier,01/08/14,07/08/14,6
David Douillet,Yvelines (12),Les Républicains,Les Républicains,Initiale,Papier,30/01/14,22/07/14,173
Jeanine Dubié,Hautes-Pyrénées (2),"Radical, Républicain, Démocrate et Progressiste",Parti Radical de Gauche,Initiale,Papier,22/01/14,22/07/14,181
Françoise Dubois,Sarthe (1),Socialiste Ecologiste et Républicain,Parti socialiste,Initiale,Papier,25/01/14,22/07/14,178
Marianne Dubois,Loiret (5),Les Républicains,Les Républicains,Initiale,Papier,29/01/14,22/07/14,174
Marianne Dubois,Loiret (5),Les Républicains,Les Républicains,Modification,Papier,16/12/14,30/01/15,45
Marianne Dubois,Loiret (5),Les Républicains,Les Républicains,Modification,Papier,11/05/15,17/06/15,37
Virginie Duby-Muller,Haute-Savoie (4),Les Républicains,Les Républicains,Initiale,Papier,26/01/14,23/07/14,178
Virginie Duby-Muller,Haute-Savoie (4),Les Républicains,Les Républicains,Modification,Papier,10/05/15,13/07/15,64
Jean-Pierre Dufau,Landes (2),Socialiste Ecologiste et Républicain,Parti socialiste,Initiale,Papier,20/01/14,22/07/14,183
Jean-Pierre Dufau,Landes (2),Socialiste Ecologiste et Républicain,Parti socialiste,Modification,Papier,07/09/16,26/01/17,141
Cécile Duflot,Paris (06),Non-inscrit,Europe Écologie Les Verts,Initiale,Papier,28/05/14,22/07/14,55
Anne-Lise Dufour-Tonini,Nord (19),Socialiste Ecologiste et Républicain,Parti socialiste,Initiale,Papier,15/01/14,22/07/14,188
William Dumas,Gard (5),Socialiste Ecologiste et Républicain,Parti socialiste,Initiale,Papier,30/01/14,22/07/14,173
Françoise Dumas,Gard (1),Socialiste Ecologiste et Républicain,Parti socialiste,Initiale,Papier,20/01/14,22/07/14,183
Jean-Louis Dumont,Meuse (2),Socialiste Ecologiste et Républicain,Parti socialiste,Initiale,Papier,21/07/14,22/07/14,1
Nicolas Dupont-Aignan,Essonne (08),Non-inscrit,Debout La France,Initiale,Papier,29/01/14,22/07/14,174
Jean-Paul Dupré,Aude (3),Socialiste Ecologiste et Républicain,Parti socialiste,Initiale,Papier,20/01/14,22/07/14,183
Yves Durand,Nord (11),Socialiste Ecologiste et Républicain,Parti socialiste,Initiale,Papier,21/01/14,22/07/14,182
Philippe Duron,Calvados (1),Socialiste Ecologiste et Républicain,Parti socialiste,Initiale,Papier,27/01/14,22/07/14,176
Philippe Duron,Calvados (1),Socialiste Ecologiste et Républicain,Parti socialiste,Modification,Papier,29/07/14,07/08/14,9
Olivier Dussopt,Ardèche (2),Socialiste Ecologiste et Républicain,Parti socialiste,Initiale,Papier,24/01/14,22/07/14,179
Éric Elkouby,Bas-Rhin (1),Socialiste Ecologiste et Républicain,Parti socialiste,Initiale,Papier,28/07/16,26/01/17,182
Sophie Errante,Loire-Atlantique (10),Socialiste Ecologiste et Républicain,Parti socialiste,Initiale,Papier,28/01/14,22/07/14,175
Marie-Hélène Fabre,Aude (2),Socialiste Ecologiste et Républicain,Parti socialiste,Initiale,Papier,29/01/14,22/07/14,174
Olivier Falorni,Charente-Maritime (1),"Radical, Républicain, Démocrate et Progressiste",Divers gauche,Initiale,Papier,29/01/14,22/07/14,174
Daniel Fasquelle,Pas-de-Calais (04),Les Républicains,Les Républicains,Initiale,Papier,29/01/14,30/07/14,182
Alain Fauré,Ariège (2),Socialiste Ecologiste et Républicain,Parti socialiste,Initiale,Papier,28/02/14,22/07/14,144
Martine Faure,Gironde (12),Socialiste Ecologiste et Républicain,Parti socialiste,Initiale,Papier,25/01/14,22/07/14,178
Martine Faure,Gironde (12),Socialiste Ecologiste et Républicain,Parti socialiste,Modification,Papier,15/09/15,23/12/15,99
Olivier Faure,Seine-et-Marne (11),Socialiste Ecologiste et Républicain,Parti socialiste,Initiale,Papier,26/01/14,22/07/14,177
Olivier Faure,Seine-et-Marne (11),Socialiste Ecologiste et Républicain,Parti socialiste,Modification,Papier,28/09/16,26/01/17,120
Yannick Favennec,Mayenne (3),Union des Démocrates Indépendants,Alliance Centriste/UDI,Initiale,Papier,22/01/14,22/07/14,181
Georges Fenech,Rhône (11),Les Républicains,Les Républicains,Initiale,Papier,31/01/14,22/07/14,172
Georges Fenech,Rhône (11),Les Républicains,Les Républicains,Modification,Papier,16/03/15,23/03/15,7
Hervé Féron,Meurthe-et-Moselle (2),Socialiste Ecologiste et Républicain,Parti socialiste,Initiale,Papier,28/01/14,22/07/14,175
Richard Ferrand,Finistère (6),Socialiste Ecologiste et Républicain,La République En Marche,Initiale,Papier,25/01/14,22/07/14,178
Aurélie Filippetti,Moselle (1),Socialiste Ecologiste et Républicain,Parti socialiste,Initiale,Papier,27/09/14,18/11/14,52
Aurélie Filippetti,Moselle (1),Socialiste Ecologiste et Républicain,Parti socialiste,Modification,Papier,04/03/15,12/03/15,8
Aurélie Filippetti,Moselle (1),Socialiste Ecologiste et Républicain,Parti socialiste,Modification,Papier,19/09/16,26/01/17,129
François Fillon,Paris (02),Les Républicains,Les Républicains,Initiale,Papier,24/01/14,22/07/14,179
Geneviève Fioraso,Isère (01),Socialiste Ecologiste et Républicain,Parti socialiste,Initiale,Papier,19/06/15,13/07/15,24
Philippe Folliot,Tarn (1),Union des Démocrates Indépendants,Alliance Centriste/UDI,Initiale,Papier,28/01/14,22/07/14,175
Marie-Louise Fort,Yonne (3),Les Républicains,Les Républicains,Initiale,Papier,21/01/14,22/07/14,182
Yves Foulon,Gironde (08),Les Républicains,Les Républicains,Initiale,Papier,20/01/14,22/07/14,183
Hugues Fourage,Vendée (5),Socialiste Ecologiste et Républicain,Parti socialiste,Initiale,Papier,01/02/14,22/07/14,171
Jean-Marc Fournel,Meurthe-et-Moselle (3),Socialiste Ecologiste et Républicain,Parti socialiste,Initiale,Papier,22/07/14,07/08/14,16
Valérie Fourneyron,Seine-Maritime (01),Socialiste Ecologiste et Républicain,Parti socialiste,Initiale,Papier,24/08/14,05/09/14,12
Valérie Fourneyron,Seine-Maritime (01),Socialiste Ecologiste et Républicain,Parti socialiste,Modification,Papier,15/12/15,23/12/15,8
Michèle Fournier-Armand,Vaucluse (1),Socialiste Ecologiste et Républicain,Parti socialiste,Initiale,Papier,10/01/14,22/07/14,193
Michel Françaix,Oise (3),Socialiste Ecologiste et Républicain,Parti socialiste,Initiale,Papier,20/01/14,22/07/14,183
Michel Françaix,Oise (3),Socialiste Ecologiste et Républicain,Parti socialiste,Modification,Papier,25/07/14,31/07/14,6
Michel Françaix,Oise (3),Socialiste Ecologiste et Républicain,Parti socialiste,Modification,Papier,17/02/16,08/06/16,112
Marc Francina,Haute-Savoie (5),Les Républicains,Les Républicains,Initiale,Papier,29/01/14,22/07/14,174
Christian Franqueville,Vosges (4),Socialiste Ecologiste et Républicain,Parti socialiste,Initiale,Papier,25/01/14,22/07/14,178
Jacqueline Fraysse,Hauts-de-Seine (04),Gauche Démocrate et Républicaine,Fédération pour une alternative sociale et écologique,Initiale,Papier,27/01/14,22/07/14,176
Jean-Christophe Fromantin,Hauts-de-Seine (06),Non-inscrit,Territoire En Mouvement,Initiale,Papier,30/01/14,22/07/14,173
Jean-Christophe Fromantin,Hauts-de-Seine (06),Non-inscrit,Territoire En Mouvement,Modification,Numérique,02/02/17,06/02/17,4
Yves Fromion,Cher (1),Les Républicains,Les Républicains,Initiale,Papier,30/01/14,22/07/14,173
Jean-Claude Fruteau,Réunion (5),Socialiste Ecologiste et Républicain,Parti socialiste,Initiale,Papier,26/01/14,22/07/14,177
Laurent Furst,Bas-Rhin (6),Les Républicains,Les Républicains,Initiale,Papier,10/01/14,22/07/14,193
Jean-Louis Gagnaire,Loire (2),Socialiste Ecologiste et Républicain,Parti socialiste,Initiale,Papier,31/01/14,22/07/14,172
Jean-Louis Gagnaire,Loire (2),Socialiste Ecologiste et Républicain,Parti socialiste,Modification,Papier,01/07/16,26/01/17,209
Geneviève Gaillard,Deux-Sèvres (1),Socialiste Ecologiste et Républicain,Parti socialiste,Initiale,Papier,15/01/14,22/07/14,188
Yann Galut,Cher (3),Socialiste Ecologiste et Républicain,Parti socialiste,Initiale,Papier,31/01/14,24/07/14,174
Sauveur Gandolfi-Scheit,Haute-Corse (1),Les Républicains,Les Républicains,Initiale,Papier,28/01/14,22/07/14,175
Guillaume Garot,Mayenne (1),Socialiste Ecologiste et Républicain,Parti socialiste,Initiale,Papier,18/06/14,22/07/14,34
Renaud Gauquelin,Rhône (07),Socialiste Ecologiste et Républicain,Parti socialiste,Initiale,Papier,09/04/16,26/01/17,292
Hervé Gaymard,Savoie (2),Les Républicains,Les Républicains,Initiale,Papier,20/01/14,22/07/14,183
Annie Genevard,Doubs (5),Les Républicains,Les Républicains,Initiale,Papier,21/01/14,22/07/14,182
Guy Geoffroy,Seine-et-Marne (09),Les Républicains,Les Républicains,Initiale,Papier,28/01/14,22/07/14,175
Bernard Gérard,Nord (09),Les Républicains,Les Républicains,Initiale,Papier,25/01/14,22/07/14,178
Jean-Marc Germain,Hauts-de-Seine (12),Socialiste Ecologiste et Républicain,Parti socialiste,Initiale,Papier,31/01/14,28/04/15,452
Alain Gest,Somme (4),Les Républicains,Les Républicains,Initiale,Papier,29/01/14,22/07/14,174
Paul Giacobbi,Haute-Corse (2),"Radical, Républicain, Démocrate et Progressiste",Parti Radical de Gauche,Initiale,Papier,27/01/14,22/07/14,176
Paul Giacobbi,Haute-Corse (2),"Radical, Républicain, Démocrate et Progressiste",Parti Radical de Gauche,Modification,Numérique,09/02/17,10/02/17,1
Daniel Gibbes,Saint-Barthélemy et Saint-Martin (1),Les Républicains,Les Républicains,Initiale,Papier,29/01/14,22/07/14,174
Franck Gilard,Eure (5),Les Républicains,Les Républicains,Initiale,Papier,26/01/14,22/07/14,177
Franck Gilard,Eure (5),Les Républicains,Les Républicains,Modification,Numérique,22/02/17,06/03/17,12
Jean-Patrick Gille,Indre-et-Loire (1),Socialiste Ecologiste et Républicain,Parti socialiste,Initiale,Papier,26/01/14,22/07/14,177
Jean-Patrick Gille,Indre-et-Loire (1),Socialiste Ecologiste et Républicain,Parti socialiste,Modification,Papier,01/02/16,08/06/16,128
Georges Ginesta,Var (5),Les Républicains,Les Républicains,Initiale,Papier,23/01/14,22/07/14,180
Georges Ginesta,Var (5),Les Républicains,Les Républicains,Modification,Numérique,30/11/16,06/02/17,68
Charles-Ange Ginesy,Alpes-Maritimes (2),Les Républicains,Les Républicains,Initiale,Papier,21/01/14,22/07/14,182
Jean-Pierre Giran,Var (3),Les Républicains,Les Républicains,Initiale,Papier,12/01/14,22/07/14,191
Jean-Pierre Giran,Var (3),Les Républicains,Les Républicains,Modification,Numérique,28/02/17,06/03/17,6
Joël Giraud,Hautes-Alpes (2),"Radical, Républicain, Démocrate et Progressiste",Parti Radical de Gauche,Initiale,Papier,29/01/14,22/07/14,174
Jean Glavany,Hautes-Pyrénées (1),Socialiste Ecologiste et Républicain,Parti socialiste,Initiale,Papier,28/01/14,22/07/14,175
Yves Goasdoué,Orne (3),Socialiste Ecologiste et Républicain,Divers gauche,Initiale,Papier,14/01/14,22/07/14,189
Claude Goasguen,Paris (14),Les Républicains,Les Républicains,Initiale,Papier,30/01/14,22/07/14,173
Daniel Goldberg,Seine-Saint-Denis (10),Socialiste Ecologiste et Républicain,Parti socialiste,Initiale,Papier,23/01/14,22/07/14,180
Philippe Gomès,Nouvelle-Calédonie (2),Union des Démocrates Indépendants,UDI,Initiale,Papier,04/02/14,22/07/14,168
Philippe Gomès,Nouvelle-Calédonie (2),Union des Démocrates Indépendants,UDI,Modification,Papier,01/09/15,23/12/15,113
Jean-Pierre Gorges,Eure-et-Loir (1),Les Républicains,Les Républicains,Initiale,Papier,22/01/14,22/07/14,181
Jean-Pierre Gorges,Eure-et-Loir (1),Les Républicains,Les Républicains,Modification,Papier,18/06/15,13/07/15,25
Jean-Pierre Gorges,Eure-et-Loir (1),Les Républicains,Les Républicains,Modification,Papier,15/07/16,26/01/17,195
Geneviève Gosselin-Fleury,Manche (4),Socialiste Ecologiste et Républicain,Parti socialiste,Initiale,Papier,26/01/14,22/07/14,177
Philippe Gosselin,Manche (1),Les Républicains,Les Républicains,Initiale,Papier,01/01/14,22/07/14,202
Pascale Got,Gironde (05),Socialiste Ecologiste et Républicain,Parti socialiste,Initiale,Papier,18/01/14,22/07/14,185
Pascale Got,Gironde (05),Socialiste Ecologiste et Républicain,Parti socialiste,Modification,Numérique,11/12/16,06/02/17,57
Marc Goua,Maine-et-Loire (2),Socialiste Ecologiste et Républicain,Parti socialiste,Initiale,Papier,23/01/14,22/07/14,180
Philippe Goujon,Paris (12),Les Républicains,Les Républicains,Initiale,Papier,27/01/14,22/07/14,176
Linda Gourjade,Tarn (3),Socialiste Ecologiste et Républicain,Parti socialiste,Initiale,Papier,21/01/14,22/07/14,182
Linda Gourjade,Tarn (3),Socialiste Ecologiste et Républicain,Parti socialiste,Modification,Papier,27/10/14,05/11/14,9
Laurent Grandguillaume,Côte-d'Or (1),Socialiste Ecologiste et Républicain,Parti socialiste,Initiale,Papier,10/01/14,22/07/14,193
Laurent Grandguillaume,Côte-d'Or (1),Socialiste Ecologiste et Républicain,Parti socialiste,Modification,Papier,12/11/14,30/01/15,79
Laurent Grandguillaume,Côte-d'Or (1),Socialiste Ecologiste et Républicain,Parti socialiste,Modification,Papier,10/02/15,12/03/15,30
Laurent Grandguillaume,Côte-d'Or (1),Socialiste Ecologiste et Républicain,Parti socialiste,Modification,Papier,29/06/15,13/07/15,14
Laurent Grandguillaume,Côte-d'Or (1),Socialiste Ecologiste et Républicain,Parti socialiste,Modification,Papier,06/07/16,26/01/17,204
Claude Greff,Indre-et-Loire (2),Les Républicains,Les Républicains,Initiale,Papier,30/01/14,22/07/14,173
Jean Grellier,Deux-Sèvres (3),Socialiste Ecologiste et Républicain,Parti socialiste,Initiale,Papier,28/01/14,22/07/14,175
Arlette Grosskost,Haut-Rhin (5),Les Républicains,Les Républicains,Initiale,Papier,29/01/14,22/07/14,174
Serge Grouard,Loiret (2),Les Républicains,Les Républicains,Initiale,Papier,22/01/14,22/07/14,181
Serge Grouard,Loiret (2),Les Républicains,Les Républicains,Modification,Papier,11/08/15,02/09/15,22
Henri Guaino,Yvelines (03),Les Républicains,Les Républicains,Initiale,Papier,30/01/14,22/07/14,173
Françoise Guégot,Seine-Maritime (02),Les Républicains,Les Républicains,Initiale,Papier,28/01/14,22/07/14,175
Françoise Guégot,Seine-Maritime (02),Les Républicains,Les Républicains,Initiale,Papier,27/09/16,26/01/17,121
Françoise Guégot,Seine-Maritime (02),Les Républicains,Les Républicains,Modification,Papier,18/12/16,06/02/17,50
Edith Gueugneau,Saône-et-Loire (2),Socialiste Ecologiste et Républicain,Divers gauche,Initiale,Papier,29/01/14,22/07/14,174
Jean-Claude Guibal,Alpes-Maritimes (4),Les Républicains,Les Républicains,Initiale,Papier,27/01/14,22/07/14,176
Jean-Claude Guibal,Alpes-Maritimes (4),Les Républicains,Les Républicains,Modification,Papier,29/08/16,26/01/17,150
Élisabeth Guigou,Seine-Saint-Denis (06),Socialiste Ecologiste et Républicain,Parti socialiste,Initiale,Papier,23/01/14,22/07/14,180
Élisabeth Guigou,Seine-Saint-Denis (06),Socialiste Ecologiste et Républicain,Parti socialiste,Modification,Papier,18/02/15,12/03/15,22
Jean-Jacques Guillet,Hauts-de-Seine (08),Les Républicains,Les Républicains,Initiale,Papier,30/01/14,22/07/14,173
Jean-Jacques Guillet,Hauts-de-Seine (08),Les Républicains,Les Républicains,Modification,Papier,08/07/14,22/07/14,14
Jean-Jacques Guillet,Hauts-de-Seine (08),Les Républicains,Les Républicains,Modification,Papier,04/02/17,07/02/17,3
Christophe Guilloteau,Rhône (10),Les Républicains,Les Républicains,Initiale,Papier,27/01/14,22/07/14,176
Chantal Guittet,Finistère (5),Socialiste Ecologiste et Républicain,Parti socialiste,Initiale,Papier,31/01/14,22/07/14,172
David Habib,Pyrénées-Atlantiques (3),Socialiste Ecologiste et Républicain,Parti socialiste,Initiale,Papier,30/01/14,22/07/14,173
Meyer Habib,Français établis hors de France (08),Union des Démocrates Indépendants,UDI,Initiale,Papier,31/01/14,22/07/14,172
Razzy Hammadi,Seine-Saint-Denis (07),Socialiste Ecologiste et Républicain,Parti socialiste,Initiale,Papier,30/01/14,22/07/14,173
Benoît Hamon,Yvelines (11),Socialiste Ecologiste et Républicain,Parti socialiste,Initiale,Papier,06/10/14,18/11/14,43
Mathieu Hanotin,Seine-Saint-Denis (02),Socialiste Ecologiste et Républicain,Parti socialiste,Initiale,Papier,25/01/14,22/07/14,178
Michel Heinrich,Vosges (1),Les Républicains,Les Républicains,Initiale,Papier,26/01/14,22/07/14,177
Michel Herbillon,Val-de-Marne (08),Les Républicains,Les Républicains,Initiale,Papier,27/01/14,22/07/14,176
Antoine Herth,Bas-Rhin (5),Les Républicains,Les Républicains,Initiale,Papier,30/01/14,22/07/14,173
Patrick Hetzel,Bas-Rhin (7),Les Républicains,Les Républicains,Initiale,Papier,30/01/14,22/07/14,173
Francis Hillmeyer,Haut-Rhin (6),Union des Démocrates Indépendants,Nouveau Centre/UDI,Initiale,Papier,30/01/14,22/07/14,173
Francis Hillmeyer,Haut-Rhin (6),Union des Démocrates Indépendants,Nouveau Centre/UDI,Modification,Papier,25/11/15,23/12/15,28
Gilda Hobert,Rhône (01),"Radical, Républicain, Démocrate et Progressiste",Parti Radical de Gauche,Initiale,Papier,10/05/14,22/07/14,73
Philippe Houillon,Val-d'Oise (01),Les Républicains,Les Républicains,Initiale,Papier,23/01/14,22/07/14,180
Guénhaël Huet,Manche (2),Les Républicains,Les Républicains,Initiale,Papier,30/01/14,22/07/14,173
Guénhaël Huet,Manche (2),Les Républicains,Les Républicains,Modification,Papier,25/07/14,07/08/14,13
Joëlle Huillier,Isère (10),Socialiste Ecologiste et Républicain,Parti socialiste,Initiale,Papier,26/01/14,22/07/14,177
Christian Hutin,Nord (13),Socialiste Ecologiste et Républicain,République Moderne,Initiale,Papier,29/01/14,22/07/14,174
Sébastien Huyghe,Nord (05),Les Républicains,Les Républicains,Initiale,Papier,29/01/14,22/07/14,174
Monique Iborra,Haute-Garonne (06),Socialiste Ecologiste et Républicain,Sans étiquette,Initiale,Papier,24/01/14,22/07/14,179
Françoise Imbert,Haute-Garonne (05),Socialiste Ecologiste et Républicain,Parti socialiste,Initiale,Papier,23/01/14,22/07/14,180
Michel Issindou,Isère (02),Socialiste Ecologiste et Républicain,Parti socialiste,Initiale,Papier,30/01/14,22/07/14,173
Christian Jacob,Seine-et-Marne (04),Les Républicains,Les Républicains,Initiale,Papier,28/01/14,22/07/14,175
Denis Jacquat,Moselle (2),Les Républicains,Les Républicains,Initiale,Papier,31/01/14,22/07/14,172
Eric Jalton,Guadeloupe (1),Socialiste Ecologiste et Républicain,Parti socialiste,Initiale,Papier,27/02/14,23/07/14,146
Serge Janquin,Pas-de-Calais (10),Socialiste Ecologiste et Républicain,Parti socialiste,Initiale,Papier,25/01/14,22/07/14,178
Yves Jégo,Seine-et-Marne (03),Union des Démocrates Indépendants,Parti Radical/UDI,Initiale,Papier,31/01/14,22/07/14,172
Henri Jibrayel,Bouches-du-Rhône (07),Socialiste Ecologiste et Républicain,Parti socialiste,Initiale,Papier,28/01/14,22/07/14,175
Romain Joron,Somme (2),Socialiste Ecologiste et Républicain,Parti socialiste,Initiale,Papier,04/05/16,13/06/16,40
Régis Juanico,Loire (1),Socialiste Ecologiste et Républicain,Parti socialiste,Initiale,Papier,28/01/14,22/07/14,175
Laurent Kalinowski,Moselle (6),Socialiste Ecologiste et Républicain,Parti socialiste,Initiale,Papier,14/01/14,22/07/14,189
Marietta Karamanli,Sarthe (2),Socialiste Ecologiste et Républicain,Parti socialiste,Initiale,Papier,31/01/14,22/07/14,172
Philippe Kemel,Pas-de-Calais (11),Socialiste Ecologiste et Républicain,Parti socialiste,Initiale,Papier,30/01/14,22/07/14,173
Christian Kert,Bouches-du-Rhône (11),Les Républicains,Les Républicains,Initiale,Papier,27/01/14,22/07/14,176
Chaynesse Khirouni,Meurthe-et-Moselle (1),Socialiste Ecologiste et Républicain,Parti socialiste,Initiale,Papier,29/01/14,22/07/14,174
Chaynesse Khirouni,Meurthe-et-Moselle (1),Socialiste Ecologiste et Républicain,Parti socialiste,Modification,Papier,31/07/14,07/08/14,7
Chaynesse Khirouni,Meurthe-et-Moselle (1),Socialiste Ecologiste et Républicain,Parti socialiste,Modification,Papier,15/05/15,17/06/15,33
Chaynesse Khirouni,Meurthe-et-Moselle (1),Socialiste Ecologiste et Républicain,Parti socialiste,Modification,Numérique,11/02/17,13/02/17,2
Nathalie Kosciusko-Morizet,Essonne (04),Les Républicains,Les Républicains,Initiale,Papier,31/01/14,22/07/14,172
Nathalie Kosciusko-Morizet,Essonne (04),Les Républicains,Les Républicains,Modification,Papier,18/07/14,31/07/14,13
Nathalie Kosciusko-Morizet,Essonne (04),Les Républicains,Les Républicains,Modification,Papier,17/09/14,12/03/15,176
Nathalie Kosciusko-Morizet,Essonne (04),Les Républicains,Les Républicains,Modification,Papier,27/08/15,23/12/15,118
Nathalie Kosciusko-Morizet,Essonne (04),Les Républicains,Les Républicains,Modification,Papier,07/12/15,23/12/15,16
Nathalie Kosciusko-Morizet,Essonne (04),Les Républicains,Les Républicains,Modification,Papier,20/03/16,08/06/16,80
Jacques Kossowski,Hauts-de-Seine (03),Les Républicains,Les Républicains,Initiale,Papier,07/02/14,22/07/14,165
Jacques Krabal,Aisne (5),"Radical, Républicain, Démocrate et Progressiste",Parti Radical de Gauche,Initiale,Papier,29/01/14,22/07/14,174
Patrick Labaune,Drôme (1),Les Républicains,Les Républicains,Initiale,Papier,23/01/14,22/07/14,180
Bernadette Laclais,Savoie (4),Socialiste Ecologiste et Républicain,Parti socialiste,Initiale,Papier,30/01/14,22/07/14,173
Valérie Lacroute,Seine-et-Marne (02),Les Républicains,Les Républicains,Initiale,Papier,31/01/14,22/07/14,172
Conchita Lacuey,Gironde (04),Socialiste Ecologiste et Républicain,Parti socialiste,Initiale,Papier,22/01/14,22/07/14,181
Marc Laffineur,Maine-et-Loire (7),Les Républicains,Les Républicains,Initiale,Papier,19/01/14,22/07/14,184
Jean-Christophe Lagarde,Seine-Saint-Denis (05),Union des Démocrates Indépendants,Force Européenne Démocrate/UDI,Initiale,Papier,26/01/14,22/07/14,177
Jean-Christophe Lagarde,Seine-Saint-Denis (05),Union des Démocrates Indépendants,Force Européenne Démocrate/UDI,Modification,Papier,29/01/16,08/06/16,131
Sonia Lagarde,Nouvelle-Calédonie (1),Union des Démocrates Indépendants,UDI,Initiale,Papier,30/01/14,22/07/14,173
François-Michel Lambert,Bouches-du-Rhône (10),Socialiste Ecologiste et Républicain,Union des démocrates et écologistes,Initiale,Papier,26/01/14,22/07/14,177
François-Michel Lambert,Bouches-du-Rhône (10),Socialiste Ecologiste et Républicain,Union des démocrates et écologistes,Modification,Papier,24/02/16,08/06/16,105
Jérôme Lambert,Charente (3),"Radical, Républicain, Démocrate et Progressiste",Sans étiquette,Initiale,Papier,14/01/14,22/07/14,189
Jacques Lamblin,Meurthe-et-Moselle (4),Les Républicains,Les Républicains,Initiale,Papier,20/01/14,22/07/14,183
Jean-François Lamour,Paris (13),Les Républicains,Les Républicains,Initiale,Papier,29/01/14,22/07/14,174
François Lamy,Essonne (06),Socialiste Ecologiste et Républicain,Parti socialiste,Initiale,Papier,18/07/14,22/07/14,4
Anne-Christine Lang,Paris (09),Socialiste Ecologiste et Républicain,Parti socialiste,Initiale,Papier,15/07/14,22/07/14,7
Colette Langlade,Dordogne (3),Socialiste Ecologiste et Républicain,Parti socialiste,Initiale,Papier,27/01/14,22/07/14,176
Guillaume Larrivé,Yonne (1),Les Républicains,Les Républicains,Initiale,Papier,27/01/14,22/07/14,176
Guillaume Larrivé,Yonne (1),Les Républicains,Les Républicains,Modification,Papier,19/11/14,30/01/15,72
Jean Lassalle,Pyrénées-Atlantiques (4),Non-inscrit,Mouvement Démocrate (MoDEM),Initiale,Papier,15/03/14,22/07/14,129
Jean Launay,Lot (2),Socialiste Ecologiste et Républicain,Parti socialiste,Initiale,Papier,10/01/14,22/07/14,193
Jean-Luc Laurent,Val-de-Marne (10),Socialiste Ecologiste et Républicain,Mouvement Républicain et Citoyen,Initiale,Papier,30/01/14,22/07/14,173
Thierry Lazaro,Nord (06),Les Républicains,Les Républicains,Initiale,Papier,22/01/14,22/07/14,181
Pierre-Yves Le Borgn',Français établis hors de France (07),Socialiste Ecologiste et Républicain,Parti socialiste,Initiale,Papier,29/01/14,22/07/14,174
Pierre-Yves Le Borgn',Français établis hors de France (07),Socialiste Ecologiste et Républicain,Parti socialiste,Initiale,Papier,30/09/14,05/11/14,36
Jean-Yves Le Bouillonnec,Val-de-Marne (11),Socialiste Ecologiste et Républicain,Parti socialiste,Initiale,Papier,26/01/14,22/07/14,177
Gilbert Le Bris,Finistère (8),Socialiste Ecologiste et Républicain,Parti socialiste,Initiale,Papier,29/01/14,22/07/14,174
Isabelle Le Callennec,Ille-et-Vilaine (5),Les Républicains,Les Républicains,Initiale,Papier,03/02/14,22/07/14,169
Isabelle Le Callennec,Ille-et-Vilaine (5),Les Républicains,Les Républicains,Modification,Papier,16/06/15,13/07/15,27
Anne-Yvonne Le Dain,Hérault (2),Socialiste Ecologiste et Républicain,Parti socialiste,Initiale,Papier,01/02/14,22/07/14,171
Jean-Yves Le Déaut,Meurthe-et-Moselle (6),Socialiste Ecologiste et Républicain,Parti socialiste,Initiale,Papier,30/01/14,22/07/14,173
Viviane Le Dissez,Côtes-d'Armor (2),Socialiste Ecologiste et Républicain,Parti socialiste,Initiale,Papier,28/01/14,22/07/14,175
Marc Le Fur,Côtes-d'Armor (3),Les Républicains,Les Républicains,Initiale,Papier,19/01/14,22/07/14,184
Annie Le Houérou,Côtes-d'Armor (4),Socialiste Ecologiste et Républicain,Parti socialiste,Initiale,Papier,31/01/14,22/07/14,172
Annick Le Loch,Finistère (7),Socialiste Ecologiste et Républicain,Parti socialiste,Initiale,Papier,30/01/14,22/07/14,173
Bruno Le Maire,Eure (1),Les Républicains,Les Républicains,Initiale,Papier,14/01/14,22/07/14,189
Dominique Le Mèner,Sarthe (5),Les Républicains,Les Républicains,Initiale,Papier,28/02/14,22/07/14,144
Dominique Le Mèner,Sarthe (5),Les Républicains,Les Républicains,Modification,Papier,12/01/15,30/01/15,18
Dominique Le Mèner,Sarthe (5),Les Républicains,Les Républicains,Modification,Papier,24/03/16,08/06/16,76
Dominique Le Mèner,Sarthe (5),Les Républicains,Les Républicains,Modification,Numérique,16/02/17,20/02/17,4
Philippe Le Ray,Morbihan (2),Les Républicains,Les Républicains,Initiale,Papier,20/01/14,22/07/14,183
Jean-Pierre Le Roch,Morbihan (3),Socialiste Ecologiste et Républicain,Parti socialiste,Initiale,Papier,27/01/14,22/07/14,176
Marie-Thérèse Le Roy,Finistère (1),Socialiste Ecologiste et Républicain,Parti socialiste,Initiale,Papier,21/04/16,26/01/17,280
Marie-Thérèse Le Roy,Finistère (1),Socialiste Ecologiste et Républicain,Parti socialiste,Modification, ,18/11/16,26/01/17,69
Marie Le Vern,Seine-Maritime (6),Socialiste Ecologiste et Républicain,Parti socialiste,Initiale,Papier,26/10/15,23/12/15,58
Alain Leboeuf,Vendée (1),Les Républicains,Les Républicains,Initiale,Papier,27/01/14,22/07/14,176
Marylise Lebranchu,Finistère (4),Socialiste Ecologiste et Républicain,Parti socialiste,Initiale,Papier,12/04/16,08/06/16,57
Patrick Lebreton,Réunion (4),Non-inscrit,Parti socialiste,Initiale,Papier,28/01/14,22/07/14,175
Vincent Ledoux,Nord (10),Les Républicains,Les Républicains,Initiale,Papier,05/04/16,26/01/17,296
Michel Lefait,Pas-de-Calais (08),Socialiste Ecologiste et Républicain,Parti socialiste,Initiale,Papier,09/01/14,22/07/14,194
Dominique Lefebvre,Val-d'Oise (10),Socialiste Ecologiste et Républicain,Parti socialiste,Initiale,Papier,27/01/14,22/07/14,176
Dominique Lefebvre,Val-d'Oise (10),Socialiste Ecologiste et Républicain,Parti socialiste,Modification,Numérique,22/02/17,06/03/17,12
Frédéric Lefebvre,Français établis hors de France (01),Les Républicains,Les Républicains,Initiale,Papier,31/01/14,22/07/14,172
Frédéric Lefebvre,Français établis hors de France (01),Les Républicains,Les Républicains,Modification,Papier,05/09/14,30/01/15,147
Frédéric Lefebvre,Français établis hors de France (01),Les Républicains,Les Républicains,Modification,Papier,17/08/16,26/01/17,162
Frédéric Lefebvre,Français établis hors de France (01),Les Républicains,Les Républicains,Modification,Numérique,20/12/16,06/02/17,48
Pierre Lellouche,Paris (01),Les Républicains,Les Républicains,Initiale,Papier,30/01/14,23/07/14,174
Patrick Lemasle,Haute-Garonne (07),Socialiste Ecologiste et Républicain,Parti socialiste,Initiale,Papier,27/01/14,22/07/14,176
Patrick Lemasle,Haute-Garonne (07),Socialiste Ecologiste et Républicain,Parti socialiste,Modification,Papier,03/11/14,18/11/14,15
Catherine Lemorton,Haute-Garonne (01),Socialiste Ecologiste et Républicain,Parti socialiste,Initiale,Papier,28/01/14,22/07/14,175
Catherine Lemorton,Haute-Garonne (01),Socialiste Ecologiste et Républicain,Parti socialiste,Modification,Papier,02/03/16,08/06/16,98
Christophe Leonard,Ardennes (2),Socialiste Ecologiste et Républicain,Parti socialiste,Initiale,Papier,31/01/14,22/07/14,172
Jean Léonetti,Alpes-Maritimes (7),Les Républicains,Les Républicains,Initiale,Papier,27/01/14,22/07/14,176
Annick Lepetit,Paris (03),Socialiste Ecologiste et Républicain,Parti socialiste,Initiale,Papier,30/01/14,22/07/14,173
Annick Lepetit,Paris (03),Socialiste Ecologiste et Républicain,Parti socialiste,Modification,Papier,22/10/14,05/11/14,14
Annick Lepetit,Paris (03),Socialiste Ecologiste et Républicain,Parti socialiste,Modification,Papier,15/07/15,02/09/15,49
Pierre Lequiller,Yvelines (04),Les Républicains,Les Républicains,Initiale,Papier,30/01/14,22/07/14,173
Arnaud Leroy,Français établis hors de France (05),Socialiste Ecologiste et Républicain,La République En Marche,Initiale,Papier,30/01/14,22/07/14,173
Maurice Leroy,Loir-et-Cher (3),Union des Démocrates Indépendants,Nouveau Centre/UDI,Initiale,Papier,20/01/14,22/07/14,183
Michel Lesage,Côtes-d'Armor (1),Socialiste Ecologiste et Républicain,Parti socialiste,Initiale,Papier,30/01/14,22/07/14,173
Bernard Lesterlin,Allier (2),Socialiste Ecologiste et Républicain,Sans étiquette,Initiale,Papier,30/01/14,22/07/14,173
Serge Letchimy,Martinique (3),Socialiste Ecologiste et Républicain,Parti Progressiste Martiniquais,Initiale,Papier,31/01/14,22/07/14,172
Céleste Lett,Moselle (5),Les Républicains,Les Républicains,Initiale,Papier,26/01/14,22/07/14,177
Geneviève Levy,Var (1),Les Républicains,Les Républicains,Initiale,Papier,29/01/14,22/07/14,174
Michel Liebgott,Moselle (8),Socialiste Ecologiste et Républicain,Parti socialiste,Initiale,Papier,31/01/14,22/07/14,172
Michel Liebgott,Moselle (8),Socialiste Ecologiste et Républicain,Parti socialiste,Modification,Papier,07/11/14,17/06/15,222
Martine Lignières-Cassou,Pyrénées-Atlantiques (1),Socialiste Ecologiste et Républicain,Parti socialiste,Initiale,Papier,30/01/14,22/07/14,173
Audrey Linkenheld,Nord (02),Socialiste Ecologiste et Républicain,Parti socialiste,Initiale,Papier,31/01/14,22/07/14,172
François Loncle,Eure (4),Socialiste Ecologiste et Républicain,Parti socialiste,Initiale,Papier,02/02/14,22/07/14,170
Gabrielle Louis-Carabin,Guadeloupe (2),Socialiste Ecologiste et Républicain,Divers gauche,Initiale,Papier,29/01/14,22/07/14,174
Lucette Lousteau,Lot-et-Garonne (1),Socialiste Ecologiste et Républicain,Parti socialiste,Initiale,Papier,25/01/14,22/07/14,178
Véronique Louwagie,Orne (2),Les Républicains,Les Républicains,Initiale,Papier,27/01/14,22/07/14,176
Lionnel Luca,Alpes-Maritimes (6),Les Républicains,Les Républicains,Initiale,Papier,18/01/14,22/07/14,185
Victorin Lurel,Guadeloupe (4),Socialiste Ecologiste et Républicain,Parti socialiste,Initiale,Papier,13/05/14,25/07/14,73
Gilles Lurton,Ille-et-Vilaine (7),Les Républicains,Les Républicains,Initiale,Papier,27/01/14,22/07/14,176
Jean-Pierre Maggi,Bouches-du-Rhône (08),"Radical, Républicain, Démocrate et Progressiste",Sans étiquette,Initiale,Papier,28/01/14,23/07/14,176
Noël Mamère,Gironde (03),Non-inscrit,Sans étiquette,Initiale,Papier,26/01/14,22/07/14,177
Jean-François Mancel,Oise (2),Les Républicains,Les Républicains,Initiale,Papier,27/01/14,22/07/14,176
Jacqueline Maquet,Pas-de-Calais (02),Socialiste Ecologiste et Républicain,Parti socialiste,Initiale,Papier,24/01/14,22/07/14,179
Jacqueline Maquet,Pas-de-Calais (02),Socialiste Ecologiste et Républicain,Parti socialiste,Modification,Numérique,12/12/16,06/02/17,56
Laurent Marcangeli,Corse-du-Sud (1),Les Républicains,Les Républicains,Initiale,Papier,14/01/14,22/07/14,189
Laurent Marcangeli,Corse-du-Sud (1),Les Républicains,Les Républicains,Modification,Papier,10/02/15,12/03/15,30
Marie-Lou Marcel,Aveyron (2),Socialiste Ecologiste et Républicain,Parti socialiste,Initiale,Papier,25/01/14,22/07/14,178
Marion Maréchal-Le Pen,Vaucluse (3),Non-inscrit,Front National,Initiale,Papier,24/01/14,22/07/14,179
Marion Maréchal-Le Pen,Vaucluse (3),Non-inscrit,Front National,Modification,Papier,30/09/14,05/11/14,36
Thierry Mariani,Français établis hors de France (11),Les Républicains,Les Républicains,Initiale,Papier,31/01/14,22/07/14,172
Thierry Mariani,Français établis hors de France (11),Les Républicains,Les Républicains,Modification,Papier,17/02/16,08/06/16,112
Alfred Marie-Jeanne,Martinique (1),Gauche Démocrate et Républicaine,Mouvement indépendantiste martiniquais,Initiale,Papier,27/01/14,22/07/14,176
Hervé Mariton,Drôme (3),Les Républicains,Les Républicains,Initiale,Papier,31/01/14,22/07/14,172
Hervé Mariton,Drôme (3),Les Républicains,Les Républicains,Modification,Numérique,18/12/16,06/02/17,50
Alain Marleix,Cantal (2),Les Républicains,Les Républicains,Initiale,Papier,29/01/14,22/07/14,174
Olivier Marleix,Eure-et-Loir (2),Les Républicains,Les Républicains,Initiale,Papier,30/01/14,22/07/14,173
Franck Marlin,Essonne (02),Les Républicains,Les Républicains,Initiale,Papier,29/01/14,22/07/14,174
Jean-René Marsac,Ille-et-Vilaine (4),Socialiste Ecologiste et Républicain,Parti socialiste,Initiale,Papier,27/01/14,22/07/14,176
Alain Marsaud,Français établis hors de France (10),Les Républicains,Les Républicains,Initiale,Papier,22/01/14,22/07/14,181
Philippe Armand Martin,Marne (3),Les Républicains,Les Républicains,Initiale,Papier,21/01/14,23/07/14,183
Patrice Martin-Lalande,Loir-et-Cher (2),Les Républicains,Les Républicains,Initiale,Papier,29/01/14,22/07/14,174
Philippe Martin,Gers (1),Socialiste Ecologiste et Républicain,Parti socialiste,Initiale,Papier,24/07/14,31/07/14,7
Martine Martinel,Haute-Garonne (04),Socialiste Ecologiste et Républicain,Parti socialiste,Initiale,Papier,27/01/14,22/07/14,176
Martine Martinel,Haute-Garonne (04),Socialiste Ecologiste et Républicain,Parti socialiste,Modification,Papier,31/07/14,07/08/14,7
Martine Martinel,Haute-Garonne (04),Socialiste Ecologiste et Républicain,Parti socialiste,Modification,Papier,08/01/15,08/06/16,517
Alain Marty,Moselle (4),Les Républicains,Les Républicains,Initiale,Papier,25/01/14,22/07/14,178
Frédérique Massat,Ariège (1),Socialiste Ecologiste et Républicain,Parti socialiste,Initiale,Papier,25/01/14,22/07/14,178
Véronique Massonneau,Vienne (4),Socialiste Ecologiste et Républicain,Union des Démocrates et des Ecologistes,Initiale,Papier,30/01/14,22/07/14,173
Jean-Claude Mathis,Aube (2),Les Républicains,Les Républicains,Initiale,Papier,28/01/14,22/07/14,175
Sandrine Mazetier,Paris (08),Socialiste Ecologiste et Républicain,Parti socialiste,Initiale,Papier,22/01/14,28/04/15,461
Sandrine Mazetier,Paris (08),Socialiste Ecologiste et Républicain,Parti socialiste,Modification,Papier,22/09/14,18/11/14,57
Michel Ménard,Loire-Atlantique (05),Socialiste Ecologiste et Républicain,Parti socialiste,Initiale,Papier,24/01/14,22/07/14,179
Patrick Mennucci,Bouches-du-Rhône (04),Socialiste Ecologiste et Républicain,Parti socialiste,Initiale,Papier,16/02/14,22/07/14,156
Gérard Menuel,Aube (3),Les Républicains,Les Républicains,Initiale,Papier,20/01/15,30/01/15,10
Damien Meslot,Territoire de Belfort (1),Les Républicains,Les Républicains,Initiale,Papier,28/01/14,22/07/14,175
Damien Meslot,Territoire de Belfort (1),Les Républicains,Les Républicains,Modification,Numérique,09/12/16,06/02/17,59
Kléber Mesquida,Hérault (5),Socialiste Ecologiste et Républicain,Parti socialiste,Initiale,Papier,29/01/14,22/07/14,174
Philippe Meunier,Rhône (13),Les Républicains,Les Républicains,Initiale,Papier,26/01/14,28/04/15,457
Jean-Claude Mignon,Seine-et-Marne (01),Les Républicains,Les Républicains,Initiale,Papier,25/01/14,22/07/14,178
Jean-Claude Mignon,Seine-et-Marne (01),Les Républicains,Les Républicains,Modification,Numérique,02/02/17,02/02/17,0
Paul Molac,Morbihan (4),Socialiste Ecologiste et Républicain,Sans étiquette,Initiale,Papier,28/01/14,22/07/14,175
Pierre Morange,Yvelines (06),Les Républicains,Les Républicains,Initiale,Papier,18/05/14,22/07/14,65
Yannick Moreau,Vendée (3),Les Républicains,Les Républicains,Initiale,Papier,26/01/14,22/07/14,177
Pierre Morel-A-L'Huissier,Lozère (1),Les Républicains,Les Républicains,Initiale,Papier,29/01/14,22/07/14,174
Alain Moyne-Bressand,Isère (06),Les Républicains,Les Républicains,Initiale,Papier,29/01/14,22/07/14,174
Pierre-Alain Muet,Rhône (02),Socialiste Ecologiste et Républicain,Parti socialiste,Initiale,Papier,26/01/14,22/07/14,177
Jacques Myard,Yvelines (05),Les Républicains,Les Républicains,Initiale,Papier,21/01/14,22/07/14,182
Dominique Nachury,Rhône (04),Les Républicains,Les Républicains,Initiale,Papier,27/01/14,22/07/14,176
Philippe Naillet,Réunion (1),Socialiste Ecologiste et Républicain,Parti socialiste,Initiale,Papier,12/06/16,26/01/17,228
Philippe Naillet,Réunion (1),Socialiste Ecologiste et Républicain,Parti socialiste,Modification,Numérique,22/02/17,06/03/17,12
Philippe Nauche,Corrèze (2),Socialiste Ecologiste et Républicain,Parti socialiste,Initiale,Papier,29/01/14,22/07/14,174
Yves Nicolin,Loire (5),Les Républicains,Les Républicains,Initiale,Papier,27/01/14,22/07/14,176
Nathalie Nieson,Drôme (4),Socialiste Ecologiste et Républicain,Parti socialiste,Initiale,Papier,20/01/14,22/07/14,183
Jean-Philippe Nilor,Martinique (4),Gauche Démocrate et Républicaine,Mouvement indépendantiste martiniquais,Initiale,Papier,30/01/14,22/07/14,173
Philippe Noguès,Morbihan (6),Non-inscrit,Sans étiquette,Initiale,Papier,27/01/14,22/07/14,176
Philippe Noguès,Morbihan (6),Non-inscrit,Sans étiquette,Modification,Papier,10/02/16,08/06/16,119
Robert Olive,Pyrénées-Orientales (3),Socialiste Ecologiste et Républicain,Parti socialiste,Initiale,Papier,15/05/14,22/07/14,68
Robert Olive,Pyrénées-Orientales (3),Socialiste Ecologiste et Républicain,Parti socialiste,Modification,Papier,14/10/15,23/12/15,70
Maud Olivier,Essonne (05),Socialiste Ecologiste et Républicain,Parti socialiste,Initiale,Papier,23/01/14,22/07/14,180
Maud Olivier,Essonne (05),Socialiste Ecologiste et Républicain,Parti socialiste,Modification,Numérique,06/02/17,07/02/17,1
Patrick Ollier,Hauts-de-Seine (07),Les Républicains,Les Républicains,Initiale,Papier,28/01/14,22/07/14,175
Dominique Orliac,Lot (1),"Radical, Républicain, Démocrate et Progressiste",Parti Radical de Gauche,Initiale,Papier,31/01/14,22/07/14,172
Dominique Orliac,Lot (1),"Radical, Républicain, Démocrate et Progressiste",Parti Radical de Gauche,Modification,Numérique,20/02/17,06/03/17,14
Monique Orphé,Réunion (6),Socialiste Ecologiste et Républicain,Parti socialiste,Initiale,Papier,20/01/14,22/07/14,183
Michel Pajon,Seine-Saint-Denis (03),Socialiste Ecologiste et Républicain,Parti socialiste,Initiale,Papier,25/01/14,22/07/14,178
Bertrand Pancher,Meuse (1),Union des Démocrates Indépendants,Parti Radical/UDI,Initiale,Papier,31/01/14,22/07/14,172
Luce Pane,Seine-Maritime (03),Socialiste Ecologiste et Républicain,Parti socialiste,Initiale,Papier,27/01/14,22/07/14,176
George Pau-Langevin,Paris (15),Socialiste Ecologiste et Républicain,Parti socialiste,Initiale,Numérique,16/11/16,26/01/17,71
Christian Paul,Nièvre (2),Socialiste Ecologiste et Républicain,Parti socialiste,Initiale,Papier,15/01/14,22/07/14,188
Rémi Pauvros,Nord (03),Socialiste Ecologiste et Républicain,Parti socialiste,Initiale,Papier,26/01/14,22/07/14,177
Rémi Pauvros,Nord (03),Socialiste Ecologiste et Républicain,Parti socialiste,Initiale,Papier,03/04/16,08/06/16,66
Germinal Peiro,Dordogne (4),Socialiste Ecologiste et Républicain,Parti socialiste,Initiale,Papier,25/01/14,23/07/14,179
Jacques Pélissard,Jura (1),Les Républicains,Les Républicains,Initiale,Papier,23/01/14,22/07/14,180
Hervé Pellois,Morbihan (1),Socialiste Ecologiste et Républicain,Divers gauche,Initiale,Papier,28/01/14,22/07/14,175
Jean-Claude Perez,Aude (1),Socialiste Ecologiste et Républicain,Parti socialiste,Initiale,Papier,30/01/14,22/07/14,173
Stéphanie Pernod Beaudon,Ain (3),Les Républicains,Les Républicains,Initiale,Papier,08/08/16,26/01/17,171
Stéphanie Pernod Beaudon,Ain (3),Les Républicains,Les Républicains,Modification,Papier,28/09/16,26/01/17,120
Bernard Perrut,Rhône (09),Les Républicains,Les Républicains,Initiale,Papier,31/01/14,22/07/14,172
Edouard Philippe,Seine-Maritime (07),Les Républicains,Les Républicains,Initiale,Papier,28/01/14,23/07/14,176
Sébastien Pietrasanta,Hauts-de-Seine (02),Socialiste Ecologiste et Républicain,Parti socialiste,Initiale,Papier,15/01/14,22/07/14,188
Sylvia Pinel,Tarn-et-Garonne (2),"Radical, Républicain, Démocrate et Progressiste",Parti Radical de Gauche,Initiale,Papier,09/05/16,26/01/17,262
Christine Pires Beaune,Puy-de-Dôme (2),Socialiste Ecologiste et Républicain,Parti socialiste,Initiale,Papier,07/01/14,22/07/14,196
Christine Pires Beaune,Puy-de-Dôme (2),Socialiste Ecologiste et Républicain,Parti socialiste,Modification,Numérique,20/02/17,06/03/17,14
Michel Piron,Maine-et-Loire (4),Union des Démocrates Indépendants,UDI,Initiale,Papier,04/03/14,22/07/14,140
Philippe Plisson,Gironde (11),Socialiste Ecologiste et Républicain,Parti socialiste,Initiale,Papier,28/01/14,22/07/14,175
Elisabeth Pochon,Seine-Saint-Denis (08),Socialiste Ecologiste et Républicain,Parti socialiste,Initiale,Papier,26/01/14,22/07/14,177
Elisabeth Pochon,Seine-Saint-Denis (08),Socialiste Ecologiste et Républicain,Parti socialiste,Modification,Papier,26/04/16,26/01/17,275
Jean-Frédéric Poisson,Yvelines (10),Les Républicains,Parti Chrétien-Démocrate/Les Républicains,Initiale,Papier,31/01/14,22/07/14,172
Berengère Poletti,Ardennes (1),Les Républicains,Les Républicains,Initiale,Papier,29/01/14,22/07/14,174
Berengère Poletti,Ardennes (1),Les Républicains,Les Républicains,Modification,Papier,08/04/15,17/06/15,70
Berengère Poletti,Ardennes (1),Les Républicains,Les Républicains,Modification,Papier,19/11/15,23/12/15,34
Berengère Poletti,Ardennes (1),Les Républicains,Les Républicains,Modification,Numérique,06/02/17,07/02/17,1
Napole Polutélé,Wallis-et-Futuna (1),Socialiste Ecologiste et Républicain,Sans étiquette,Initiale,Papier,27/01/14,23/07/14,177
Axel Poniatowski,Val-d'Oise (02),Les Républicains,Les Républicains,Initiale,Papier,14/01/14,22/07/14,189
Josette Pons,Var (6),Les Républicains,Les Républicains,Initiale,Papier,31/01/14,22/07/14,172
Pascal Popelin,Seine-Saint-Denis (12),Socialiste Ecologiste et Républicain,Parti socialiste,Initiale,Papier,22/01/14,22/07/14,181
Pascal Popelin,Seine-Saint-Denis (12),Socialiste Ecologiste et Républicain,Parti socialiste,Modification,Papier,25/07/14,31/07/14,6
Dominique Potier,Meurthe-et-Moselle (5),Socialiste Ecologiste et Républicain,Parti socialiste,Initiale,Papier,30/01/14,22/07/14,173
Michel Pouzol,Essonne (03),Socialiste Ecologiste et Républicain,Parti socialiste,Initiale,Papier,28/01/14,22/07/14,175
Régine Povéda,Lot-et-Garonne (2),Socialiste Ecologiste et Républicain,Parti socialiste,Initiale,Papier,12/11/14,30/01/15,79
Patrice Prat,Gard (3),Non-inscrit,Sans étiquette,Initiale,Papier,28/01/14,22/07/14,175
Christophe Priou,Loire-Atlantique (07),Les Républicains,Les Républicains,Initiale,Papier,30/01/14,22/07/14,173
Christophe Priou,Loire-Atlantique (07),Les Républicains,Les Républicains,Modification,Papier,12/02/16,08/06/16,117
Joaquim Pueyo,Orne (1),Socialiste Ecologiste et Républicain,Parti socialiste,Initiale,Papier,28/01/14,22/07/14,175
Joaquim Pueyo,Orne (1),Socialiste Ecologiste et Républicain,Parti socialiste,Modification,Numérique,10/02/17,13/02/17,3
François Pupponi,Val-d'Oise (08),Socialiste Ecologiste et Républicain,Parti socialiste,Initiale,Papier,30/01/14,22/07/14,173
Didier Quentin,Charente-Maritime (5),Les Républicains,Les Républicains,Initiale,Papier,30/01/14,22/07/14,173
Catherine Quéré,Charente-Maritime (3),Socialiste Ecologiste et Républicain,Parti socialiste,Initiale,Papier,19/01/14,22/07/14,184
Valérie Rabault,Tarn-et-Garonne (1),Socialiste Ecologiste et Républicain,Parti socialiste,Initiale,Papier,27/01/14,22/07/14,176
Valérie Rabault,Tarn-et-Garonne (1),Socialiste Ecologiste et Républicain,Parti socialiste,Modification,Papier,16/07/14,22/07/14,6
Valérie Rabault,Tarn-et-Garonne (1),Socialiste Ecologiste et Républicain,Parti socialiste,Modification,Papier,27/01/15,12/03/15,44
Monique Rabin,Loire-Atlantique (09),Socialiste Ecologiste et Républicain,Parti socialiste,Initiale,Papier,31/01/14,22/07/14,172
Dominique Raimbourg,Loire-Atlantique (04),Socialiste Ecologiste et Républicain,Parti socialiste,Initiale,Papier,20/01/14,22/07/14,183
Dominique Raimbourg,Loire-Atlantique (04),Socialiste Ecologiste et Républicain,Parti socialiste,Modification,Numérique,17/02/17,20/02/17,3
Marie Recalde,Gironde (06),Socialiste Ecologiste et Républicain,Parti socialiste,Initiale,Papier,24/01/14,22/07/14,179
Marie Recalde,Gironde (06),Socialiste Ecologiste et Républicain,Parti socialiste,Modification,Papier,25/07/14,15/09/14,52
Frédéric Reiss,Bas-Rhin (8),Les Républicains,Les Républicains,Initiale,Papier,28/01/14,22/07/14,175
Jean-Luc Reitzer,Haut-Rhin (3),Les Républicains,Les Républicains,Initiale,Papier,27/01/14,22/07/14,176
Marie-Line Reynaud,Charente (2),Socialiste Ecologiste et Républicain,Parti socialiste,Initiale,Papier,20/01/14,22/07/14,183
Bernard Reynès,Bouches-du-Rhône (15),Les Républicains,Les Républicains,Initiale,Papier,28/01/14,22/07/14,175
Franck Reynier,Drôme (2),Union des Démocrates Indépendants,Parti Radical/UDI,Initiale,Papier,20/01/14,22/07/14,183
Pierre Ribeaud,Isère (5),Socialiste Ecologiste et Républicain,Parti socialiste,Initiale,Papier,18/10/15,23/12/15,66
Arnaud Richard,Yvelines (07),Union des Démocrates Indépendants,Parti Radical/UDI,Initiale,Papier,31/01/14,22/07/14,172
Franck Riester,Seine-et-Marne (05),Les Républicains,Les Républicains,Initiale,Papier,30/01/14,22/07/14,173
Eduardo Rihan Cypel,Seine-et-Marne (08),Socialiste Ecologiste et Républicain,Parti socialiste,Initiale,Papier,31/01/14,22/07/14,172
Thierry Robert,Réunion (7),"Radical, Républicain, Démocrate et Progressiste",La politique autrement,Initiale,Papier,29/01/14,22/07/14,174
Denys Robiliard,Loir-et-Cher (1),Socialiste Ecologiste et Républicain,Parti socialiste,Initiale,Papier,30/01/14,22/07/14,173
Arnaud Robinet,Marne (1),Les Républicains,Les Républicains,Initiale,Papier,23/01/14,22/07/14,180
François Rochebloine,Loire (3),Union des Démocrates Indépendants,Force Européenne Démocrate/UDI,Initiale,Papier,27/01/14,22/07/14,176
Alain Rodet,Haute-Vienne (1),Socialiste Ecologiste et Républicain,Parti socialiste,Initiale,Papier,23/01/14,22/07/14,180
Marcel Rogemont,Ille-et-Vilaine (8),Socialiste Ecologiste et Républicain,Parti socialiste,Initiale,Papier,28/01/14,22/07/14,175
Marcel Rogemont,Ille-et-Vilaine (8),Socialiste Ecologiste et Républicain,Parti socialiste,Modification,Papier,05/07/14,07/08/14,33
Sophie Rohfritsch,Bas-Rhin (4),Les Républicains,Les Républicains,Initiale,Papier,17/01/14,22/07/14,186
Frédéric Roig,Hérault (4),Socialiste Ecologiste et Républicain,Parti socialiste,Initiale,Papier,23/01/14,22/07/14,180
Frédéric Roig,Hérault (4),Socialiste Ecologiste et Républicain,Parti socialiste,Modification,Papier,20/10/15,23/12/15,64
Frédéric Roig,Hérault (4),Socialiste Ecologiste et Républicain,Parti socialiste,Modification,Papier,13/07/16,26/01/17,197
Barbara Romagnan,Doubs (1),Socialiste Ecologiste et Républicain,Parti socialiste,Initiale,Papier,14/01/14,22/07/14,189
Gwendal Rouillard,Morbihan (5),Socialiste Ecologiste et Républicain,La République En Marche,Initiale,Papier,31/01/14,22/07/14,172
Jean-Louis Roumegas,Hérault (1),Non-inscrit,Europe Écologie Les Verts,Initiale,Papier,21/01/14,22/07/14,182
René Rouquet,Val-de-Marne (09),Socialiste Ecologiste et Républicain,Parti socialiste,Initiale,Papier,16/01/14,22/07/14,187
Alain Rousset,Gironde (07),Socialiste Ecologiste et Républicain,Parti socialiste,Initiale,Papier,30/01/14,22/07/14,173
Alain Rousset,Gironde (07),Socialiste Ecologiste et Républicain,Parti socialiste,Modification,Papier,13/03/15,23/03/15,10
Martial Saddier,Haute-Savoie (3),Les Républicains,Les Républicains,Initiale,Papier,29/01/14,22/07/14,174
Martial Saddier,Haute-Savoie (3),Les Républicains,Les Républicains,Modification,Papier,05/04/16,08/06/16,64
Maïna Sage,Polynésie Française (1),Union des Démocrates Indépendants,Tapura Huiraatira/UDI,Initiale,Papier,01/07/14,31/07/14,30
Boinali Said,Mayotte (1),Socialiste Ecologiste et Républicain,Sans étiquette,Initiale,Papier,30/01/14,22/07/14,173
Stéphane Saint-André,Pas-de-Calais (09),"Radical, Républicain, Démocrate et Progressiste",Parti Radical de Gauche,Initiale,Papier,26/01/14,22/07/14,177
Paul Salen,Loire (6),Les Républicains,Les Républicains,Initiale,Papier,10/01/14,22/07/14,193
Rudy Salles,Alpes-Maritimes (3),Union des Démocrates Indépendants,Nouveau Centre/UDI,Initiale,Papier,28/01/14,22/07/14,175
Nicolas Sansu,Cher (2),Gauche Démocrate et Républicaine,Parti Communiste Français,Initiale,Papier,29/01/14,22/07/14,174
Nicolas Sansu,Cher (2),Gauche Démocrate et Républicaine,Parti Communiste Français,Modification,Numérique,17/12/16,06/02/17,51
Béatrice Santais,Savoie (3),Socialiste Ecologiste et Républicain,Parti socialiste,Initiale,Papier,20/01/14,22/07/14,183
André Santini,Hauts-de-Seine (10),Union des Démocrates Indépendants,Force Européenne Démocrate/UDI,Initiale,Papier,30/01/14,22/07/14,173
Eva Sas,Essonne (07),Non-inscrit,Europe Écologie Les Verts,Initiale,Papier,28/01/14,22/07/14,175
Eva Sas,Essonne (07),Non-inscrit,Europe Écologie Les Verts,Modification,Papier,27/06/14,22/07/14,25
Odile Saugues,Puy-de-Dôme (1),Socialiste Ecologiste et Républicain,Parti socialiste,Initiale,Papier,17/06/14,22/07/14,35
Odile Saugues,Puy-de-Dôme (1),Socialiste Ecologiste et Républicain,Parti socialiste,Modification,Numérique,31/03/17,19/05/17,49
Gilbert Sauvan,Alpes-de-Haute-Provence (1),Socialiste Ecologiste et Républicain,Parti socialiste,Initiale,Papier,19/01/14,22/07/14,184
Gilles Savary,Gironde (09),Socialiste Ecologiste et Républicain,Parti socialiste,Initiale,Papier,31/01/14,22/07/14,172
François Scellier,Val-d'Oise (06),Les Républicains,Les Républicains,Initiale,Papier,31/01/14,22/07/14,172
Claudine Schmid,Français établis hors de France (06),Les Républicains,Les Républicains,Initiale,Papier,26/01/14,22/07/14,177
André Schneider,Bas-Rhin (3),Les Républicains,Les Républicains,Initiale,Papier,24/01/14,22/07/14,179
Roger-Gérard Schwartzenberg,Val-de-Marne (03),"Radical, Républicain, Démocrate et Progressiste",Parti Radical de Gauche,Initiale,Papier,28/01/14,22/07/14,175
Gérard Sebaoun,Val-d'Oise (04),Socialiste Ecologiste et Républicain,Parti socialiste,Initiale,Papier,08/01/14,22/07/14,195
Jean-Marie Sermier,Jura (3),Les Républicains,Les Républicains,Initiale,Papier,20/01/14,22/07/14,183
Jean-Marie Sermier,Jura (3),Les Républicains,Les Républicains,Modification,Papier,28/07/14,07/08/14,10
Jean-Marie Sermier,Jura (3),Les Républicains,Les Républicains,Modification,Papier,17/02/15,12/03/15,23
Jean-Marie Sermier,Jura (3),Les Républicains,Les Républicains,Modification,Papier,10/09/15,23/12/15,104
Jean-Marie Sermier,Jura (3),Les Républicains,Les Républicains,Modification,Papier,12/10/15,23/12/15,72
Jean-Marie Sermier,Jura (3),Les Républicains,Les Républicains,Modification,Papier,05/11/15,23/12/15,48
Jean-Marie Sermier,Jura (3),Les Républicains,Les Républicains,Modification,Numérique,28/01/17,30/01/17,2
Gabriel Serville,Guyane (1),Gauche Démocrate et Républicaine,Parti socialiste guyanais,Initiale,Papier,30/01/14,22/07/14,173
Fernand Siré,Pyrénées-Orientales (2),Les Républicains,Les Républicains,Initiale,Papier,30/01/14,22/07/14,173
Thierry Solere,Hauts-de-Seine (09),Les Républicains,Les Républicains,Initiale,Papier,30/01/14,22/07/14,173
Thierry Solere,Hauts-de-Seine (09),Les Républicains,Les Républicains,Modification,Papier,28/11/14,30/01/15,63
Julie Sommaruga,Hauts-de-Seine (11),Socialiste Ecologiste et Républicain,Parti socialiste,Initiale,Papier,21/01/14,22/07/14,182
Michel Sordi,Haut-Rhin (4),Les Républicains,Les Républicains,Initiale,Papier,30/01/14,22/07/14,173
Michel Sordi,Haut-Rhin (4),Les Républicains,Les Républicains,Modification,Papier,13/07/15,02/09/15,51
Michel Sordi,Haut-Rhin (4),Les Républicains,Les Républicains,Modification,Papier,16/07/15,02/09/15,48
Michel Sordi,Haut-Rhin (4),Les Républicains,Les Républicains,Modification,Numérique,20/12/16,06/02/17,48
Éric Straumann,Haut-Rhin (1),Les Républicains,Les Républicains,Initiale,Papier,25/01/14,22/07/14,178
Claude Sturni,Bas-Rhin (9),Les Républicains,Sans étiquette,Initiale,Papier,29/01/14,22/07/14,174
Alain Suguenot,Côte-d'Or (5),Les Républicains,Les Républicains,Initiale,Papier,20/01/14,22/07/14,183
Michèle Tabarot,Alpes-Maritimes (9),Les Républicains,Les Républicains,Initiale,Papier,28/01/14,22/07/14,175
Jonas Tahuaitu,Polynésie française (2),Les Républicains,UDI,Initiale,Papier,29/01/14,22/07/14,174
Suzanne Tallard,Charente-Maritime (2),Socialiste Ecologiste et Républicain,Parti socialiste,Initiale,Papier,27/01/14,22/07/14,176
Lionel Tardy,Haute-Savoie (2),Les Républicains,Les Républicains,Initiale,Papier,20/01/14,23/07/14,184
Jean-Charles Taugourdeau,Maine-et-Loire (3),Les Républicains,Les Républicains,Initiale,Papier,26/01/14,22/07/14,177
Jean-Charles Taugourdeau,Maine-et-Loire (3),Les Républicains,Les Républicains,Modification,Papier,04/06/15,17/06/15,13
Jean-Charles Taugourdeau,Maine-et-Loire (3),Les Républicains,Les Républicains,Modification,Papier,31/05/16,26/01/17,240
Guy Teissier,Bouches-du-Rhône (06),Les Républicains,Les Républicains,Initiale,Papier,26/01/14,22/07/14,177
Michel Terrot,Rhône (12),Les Républicains,Les Républicains,Initiale,Papier,29/01/14,22/07/14,174
Jean-Marie Tetart,Yvelines (09),Les Républicains,Les Républicains,Initiale,Papier,30/01/14,23/07/14,174
Jean-Marie Tetart,Yvelines (09),Les Républicains,Les Républicains,Modification,Numérique,14/02/17,20/02/17,6
Pascal Thévenot,Yvelines (02),Les Républicains,Les Républicains,Initiale,Papier,06/05/16,08/06/16,33
Pascal Thévenot,Yvelines (02),Les Républicains,Les Républicains,Modification,Papier,20/09/16,26/01/17,128
Thomas Thévenoud,Saône-et-Loire (1),Non-inscrit,Sans étiquette,Initiale,Papier,01/02/14,22/07/14,171
Dominique Tian,Bouches-du-Rhône (02),Les Républicains,Les Républicains,Initiale,Papier,29/01/14,22/07/14,174
Sylvie Tolmont,Sarthe (4),Socialiste Ecologiste et Républicain,Parti socialiste,Initiale,Papier,26/01/14,22/07/14,177
Sylvie Tolmont,Sarthe (4),Socialiste Ecologiste et Républicain,Parti socialiste,Modification,Papier,20/05/15,17/06/15,28
Sylvie Tolmont,Sarthe (4),Socialiste Ecologiste et Républicain,Parti socialiste,Modification,Numérique,17/02/17,20/02/17,3
Jean-Louis Touraine,Rhône (03),Socialiste Ecologiste et Républicain,Parti socialiste,Initiale,Papier,27/01/14,22/07/14,176
Alain Tourret,Calvados (6),"Radical, Républicain, Démocrate et Progressiste",Parti Radical de Gauche,Initiale,Papier,15/01/14,22/07/14,188
Alain Tourret,Calvados (6),"Radical, Républicain, Démocrate et Progressiste",Parti Radical de Gauche,Modification,Papier,14/11/14,12/03/15,118
Stéphane Travert,Manche (3),Socialiste Ecologiste et Républicain,Parti socialiste,Initiale,Papier,25/01/14,22/07/14,178
Yannick Trigance,Saint-Denis (1),Socialiste Ecologiste et Républicain,Parti socialiste,Initiale,Numérique,21/01/17,26/01/17,5
Yannick Trigance,Saint-Denis (1),Socialiste Ecologiste et Républicain,Parti socialiste,Modification,Numérique,09/02/17,10/02/17,1
Catherine Troallic,Seine-Maritime (08),Socialiste Ecologiste et Républicain,Parti socialiste,Initiale,Papier,09/01/14,22/07/14,194
Catherine Troallic,Seine-Maritime (08),Socialiste Ecologiste et Républicain,Parti socialiste,Modification,Papier,07/05/15,17/06/15,41
Catherine Troallic,Seine-Maritime (08),Socialiste Ecologiste et Républicain,Parti socialiste,Modification,Numérique,13/12/16,06/02/17,55
Jean-Paul Tuaiva,Polynésie Française (3),Union des Démocrates Indépendants,UDI,Initiale,Papier,28/01/14,22/07/14,175
Jean-Paul Tuaiva,Polynésie Française (3),Union des Démocrates Indépendants,UDI,Modification,Papier,12/10/16,26/01/17,106
Cécile Untermaier,Saône-et-Loire (4),Socialiste Ecologiste et Républicain,Parti socialiste,Initiale,Papier,24/01/14,22/07/14,179
Daniel Vaillant,Paris (17),Socialiste Ecologiste et Républicain,Parti socialiste,Initiale,Papier,27/01/14,22/07/14,176
Daniel Vaillant,Paris (17),Socialiste Ecologiste et Républicain,Parti socialiste,Modification,Numérique,14/02/17,20/02/17,6
Jacques Valax,Tarn (2),Socialiste Ecologiste et Républicain,Parti socialiste,Initiale,Papier,Inconnu,22/07/14, 
Manuel Valls,Essonne (01),Socialiste Ecologiste et Républicain,Parti socialiste,Initiale,Numérique,02/03/17,06/03/17,4
François Vannson,Vosges (3),Les Républicains,Les Républicains,Initiale,Papier,29/01/14,22/07/14,174
Catherine Vautrin,Marne (2),Les Républicains,Les Républicains,Initiale,Papier,28/01/14,22/07/14,175
Catherine Vautrin,Marne (2),Les Républicains,Les Républicains,Modification,Numérique,26/02/17,06/03/17,8
Michel Vauzelle,Bouches-du-Rhône (16),Socialiste Ecologiste et Républicain,Parti socialiste,Initiale,Papier,15/01/14,22/07/14,188
Francis Vercamer,Nord (07),Union des Démocrates Indépendants,Nouveau Centre/UDI,Initiale,Papier,20/01/14,22/07/14,183
Francis Vercamer,Nord (07),Union des Démocrates Indépendants,Nouveau Centre/UDI,Modification,Papier,08/06/15,17/06/15,9
Patrice Verchère,Rhône (08),Les Républicains,Les Républicains,Initiale,Papier,26/01/14,22/07/14,177
Fabrice Verdier,Gard (4),Socialiste Ecologiste et Républicain,Parti socialiste,Initiale,Papier,28/01/14,22/07/14,175
Michel Vergnier,Creuse (1),Socialiste Ecologiste et Républicain,Parti socialiste,Initiale,Papier,20/01/14,22/07/14,183
Arnaud Viala,Aveyron (3),Les Républicains,Les Républicains,Initiale,Papier,30/10/15,23/12/15,54
Arnaud Viala,Aveyron (3),Les Républicains,Les Républicains,Modification,Numérique,14/02/17,20/02/17,6
Jean-Sébastien Vialatte,Var (7),Les Républicains,Les Républicains,Initiale,Papier,23/01/14,23/07/14,181
Jean-Pierre Vigier,Haute-Loire (2),Les Républicains,Les Républicains,Initiale,Papier,28/01/14,22/07/14,175
Jean-Pierre Vigier,Haute-Loire (2),Les Républicains,Les Républicains,Modification,Papier,01/04/15,17/06/15,77
Philippe Vigier,Eure-et-Loir (4),Union des Démocrates Indépendants,Nouveau Centre/UDI,Initiale,Papier,20/01/14,22/07/14,183
Patrick Vignal,Hérault (9),Socialiste Ecologiste et Républicain,Parti socialiste,Initiale,Papier,02/04/14,22/07/14,111
François-Xavier Villain,Nord (18),Union des Démocrates Indépendants,UDI,Initiale,Papier,29/01/14,22/07/14,174
Jean-Michel Villaumé,Haute-Saône (2),Socialiste Ecologiste et Républicain,Parti socialiste,Initiale,Papier,26/01/14,22/07/14,177
Philippe Vitel,Var (2),Les Républicains,Les Républicains,Initiale,Papier,31/01/14,22/07/14,172
Jean Jacques Vlody,Réunion (3),Socialiste Ecologiste et Républicain,Parti socialiste,Initiale,Papier,30/01/14,22/07/14,173
Michel Voisin,Ain (4),Les Républicains,Les Républicains,Initiale,Papier,27/01/14,22/07/14,176
Jean-Luc Warsmann,Ardennes (3),Les Républicains,Les Républicains,Initiale,Papier,29/01/14,22/07/14,174
Laurent Wauquiez,Haute-Loire (1),Les Républicains,Les Républicains,Initiale,Papier,30/01/14,22/07/14,173
Patrick Weiten,Moselle (9),Union des Démocrates Indépendants,UDI,Initiale,Papier,07/06/16,26/01/17,233
Éric Woerth,Oise (4),Les Républicains,Les Républicains,Initiale,Papier,28/01/14,22/07/14,175
Paola Zanetti,Moselle (7),Socialiste Ecologiste et Républicain,Parti socialiste,Initiale,Papier,31/01/14,22/07/14,172
Marie-Jo Zimmermann,Moselle (3),Les Républicains,Les Républicains,Initiale,Papier,26/01/14,22/07/14,177
Michel Zumkeller,Territoire de Belfort (2),Union des Démocrates Indépendants,Parti Radical/UDI,Initiale,Papier,28/01/14,22/07/14,175
